City_ID,City,Country,Date,Lat,Lng,Max Temp,Humidity,Cloudiness,Wind Speed
0,Bethel,US,2022-07-26 17:55:52,41.3712,-73.414,83.05,51,97,1.01
1,Kalino,RU,2022-07-26 17:55:52,58.2504,57.6085,58.24,93,45,3.62
2,Salalah,OM,2022-07-26 17:55:54,17.0151,54.0924,76.28,97,100,6.46
3,Brodokalmak,RU,2022-07-26 17:55:55,55.5748,62.082,70.7,96,90,10.09
4,Cherskiy,RU,2022-07-26 17:55:55,68.75,161.3,40.08,75,17,9.04
5,Atuona,PF,2022-07-26 17:55:56,-9.8,-139.0333,77.49,74,5,16.93
6,Grenaa,DK,2022-07-26 17:55:56,56.4158,10.8783,59.22,72,54,5.01
7,Saint George,US,2022-07-26 17:55:11,37.1041,-113.5841,87.64,57,0,4.0
8,Olaine,LV,2022-07-26 17:55:57,56.7853,23.9381,63.93,94,0,4.61
9,Tuktoyaktuk,CA,2022-07-26 17:55:58,69.4541,-133.0374,59.0,94,100,3.44
10,Carnarvon,AU,2022-07-26 17:55:59,-24.8667,113.6333,63.59,57,0,12.01
11,Jamestown,US,2022-07-26 17:54:29,42.097,-79.2353,75.02,58,75,5.75
12,Ushuaia,AR,2022-07-26 17:53:58,-54.8,-68.3,38.86,52,20,4.61
13,Helong,CN,2022-07-26 17:56:00,42.5397,128.9972,68.59,95,81,3.13
14,Cabo San Lucas,MX,2022-07-26 17:55:12,22.8909,-109.9124,90.61,66,55,3.62
15,Launceston,AU,2022-07-26 17:53:57,-41.45,147.1667,42.15,97,100,0.0
16,Kaitangata,NZ,2022-07-26 17:56:02,-46.2817,169.8464,45.16,95,100,14.97
17,Ugoofaaru,MV,2022-07-26 17:56:04,5.6667,73.0,81.09,80,41,16.84
18,Fukuma,JP,2022-07-26 17:56:05,33.7667,130.4667,78.8,84,2,3.49
19,Rikitea,PF,2022-07-26 17:56:05,-23.1203,-134.9692,75.24,76,99,14.27
20,Nha Trang,VN,2022-07-26 17:56:07,12.25,109.1833,78.8,89,89,3.89
21,Saint-Philippe,RE,2022-07-26 17:56:09,-21.3585,55.7679,66.22,79,29,8.32
22,Mataura,NZ,2022-07-26 17:56:09,-46.1927,168.8643,44.47,97,100,7.52
23,Hobart,AU,2022-07-26 17:55:33,-42.8794,147.3294,44.46,96,100,1.14
24,Hilo,US,2022-07-26 17:56:10,19.7297,-155.09,79.29,97,72,1.01
25,Katherine,AU,2022-07-26 17:56:12,-14.4667,132.2667,62.92,63,8,8.05
26,Galle,LK,2022-07-26 17:56:13,6.0367,80.217,78.44,88,100,6.89
27,Bluff,NZ,2022-07-26 17:56:13,-46.6,168.3333,44.8,90,100,23.76
28,Punta Arenas,CL,2022-07-26 17:51:56,-53.15,-70.9167,37.42,74,87,6.4
29,Nicoya,CR,2022-07-26 17:56:14,10.1483,-85.452,82.9,68,77,2.35
30,Labrea,BR,2022-07-26 17:56:15,-7.2586,-64.7981,97.9,26,11,3.29
31,Tokmak,UA,2022-07-26 17:52:05,47.2514,35.7058,71.44,52,92,6.22
32,Kapaa,US,2022-07-26 17:56:16,22.0752,-159.319,78.78,77,22,5.01
33,Mersing,MY,2022-07-26 17:56:17,2.4312,103.8405,76.91,94,20,4.61
34,Xique-Xique,BR,2022-07-26 17:56:18,-10.8218,-42.7263,83.41,42,100,5.64
35,Tasiilaq,GL,2022-07-26 17:56:19,65.6145,-37.6368,37.83,93,100,1.9
36,Oranjemund,NA,2022-07-26 17:56:19,-28.55,16.4333,54.57,87,12,2.28
37,Cody,US,2022-07-26 17:56:20,44.5263,-109.0565,74.91,51,73,1.99
38,Talnakh,RU,2022-07-26 17:56:21,69.4865,88.3972,56.21,77,32,3.27
39,Tukrah,LY,2022-07-26 17:56:22,32.5341,20.5791,81.39,68,0,5.14
40,East London,ZA,2022-07-26 17:56:23,-33.0153,27.9116,61.74,77,0,6.91
41,Jacareacanga,BR,2022-07-26 17:56:24,-6.2222,-57.7528,99.1,24,60,3.24
42,Deniliquin,AU,2022-07-26 17:56:24,-35.5333,144.9667,47.82,80,63,12.17
43,Marsh Harbour,BS,2022-07-26 17:56:25,26.5412,-77.0636,84.63,76,53,17.6
44,New Norfolk,AU,2022-07-26 17:56:05,-42.7826,147.0587,44.1,87,98,2.91
45,Tiksi,RU,2022-07-26 17:56:26,71.6872,128.8694,51.66,83,73,1.95
46,Clyde River,CA,2022-07-26 17:56:27,70.4692,-68.5914,39.43,100,75,12.66
47,Takoradi,GH,2022-07-26 17:56:27,4.8845,-1.7554,76.03,85,98,12.06
48,Hot Springs,US,2022-07-26 17:56:28,34.5037,-93.0552,98.31,46,85,8.01
49,Tilichiki,RU,2022-07-26 17:56:29,60.4667,166.1,48.97,82,98,4.72
50,Chokurdakh,RU,2022-07-26 17:56:30,70.6333,147.9167,42.13,72,100,10.54
51,Ponta Do Sol,PT,2022-07-26 17:56:31,32.6667,-17.1,83.03,52,38,5.95
52,Beisfjord,NO,2022-07-26 17:56:33,68.3751,17.5988,55.45,97,100,3.8
53,Kutum,SD,2022-07-26 17:56:33,14.2,24.6667,88.25,25,87,7.11
54,Cidreira,BR,2022-07-26 17:55:49,-30.1811,-50.2056,64.99,83,21,12.44
55,Angoche,MZ,2022-07-26 17:56:34,-16.2325,39.9086,71.73,74,12,11.68
56,Ouahigouya,BF,2022-07-26 17:56:35,13.5828,-2.4216,94.59,39,93,9.69
57,Soller,ES,2022-07-26 17:56:37,39.7662,2.7152,87.85,64,6,1.01
58,Vaini,TO,2022-07-26 17:56:37,-21.2,-175.2,69.96,94,20,4.61
59,Yumen,CN,2022-07-26 17:56:38,40.2833,97.2,76.37,15,44,11.81
60,Taoudenni,ML,2022-07-26 17:56:39,22.6783,-3.9836,112.14,7,4,16.33
61,Norman Wells,CA,2022-07-26 17:56:39,65.282,-126.8329,69.84,52,40,8.05
62,Puerto Ayora,EC,2022-07-26 17:55:39,-0.7393,-90.3518,75.16,90,100,7.0
63,Aanekoski,FI,2022-07-26 17:56:40,62.6946,25.818,65.68,12,100,12.37
64,Saskylakh,RU,2022-07-26 17:56:41,71.9167,114.0833,64.36,88,68,3.83
65,Morros,BR,2022-07-26 17:56:42,-9.4467,-46.3003,88.95,26,99,9.93
66,Mar Del Plata,AR,2022-07-26 17:56:42,-38.0023,-57.5575,59.02,58,100,6.91
67,Port Alfred,ZA,2022-07-26 17:56:43,-33.5906,26.891,63.48,66,3,11.83
68,Yellowknife,CA,2022-07-26 17:56:44,62.456,-114.3525,64.92,55,40,2.3
69,Ahipara,NZ,2022-07-26 17:56:45,-35.1667,173.1667,55.72,79,99,16.78
70,Richards Bay,ZA,2022-07-26 17:56:46,-28.783,32.0377,58.98,79,0,5.32
71,Ribeira Grande,PT,2022-07-26 17:55:52,38.5167,-28.7,79.2,78,20,10.36
72,Dikson,RU,2022-07-26 17:56:47,73.5069,80.5464,47.26,81,84,25.14
73,Castro,BR,2022-07-26 17:56:48,-24.7911,-50.0119,73.8,41,0,2.53
74,Avarua,CK,2022-07-26 17:56:25,-21.2078,-159.775,69.85,73,100,11.5
75,Morondava,MG,2022-07-26 17:56:49,-20.2833,44.2833,73.56,69,0,19.35
76,Leshukonskoye,RU,2022-07-26 17:56:50,64.8989,45.7622,62.37,62,50,5.32
77,Tazovskiy,RU,2022-07-26 17:56:50,67.4667,78.7,53.13,74,97,4.85
78,Albany,US,2022-07-26 17:53:43,42.6001,-73.9662,78.58,49,86,1.01
79,Imeni Poliny Osipenko,RU,2022-07-26 17:56:51,52.4201,136.4853,53.26,97,43,5.32
80,Invermere,CA,2022-07-26 17:56:52,50.5167,-116.0354,78.37,38,6,0.96
81,Nikolskoye,RU,2022-07-26 17:56:52,59.7035,30.7861,75.79,67,84,6.17
82,North Platte,US,2022-07-26 17:56:53,41.1239,-100.7654,79.32,83,40,10.36
83,Fasa,IR,2022-07-26 17:56:53,28.9383,53.6482,85.24,42,75,18.41
84,Butaritari,KI,2022-07-26 17:56:54,3.0707,172.7902,81.79,73,42,17.76
85,Okhotsk,RU,2022-07-26 17:56:54,59.3833,143.3,55.45,90,94,6.06
86,Caxito,AO,2022-07-26 17:56:55,-8.5785,13.6643,71.06,87,55,7.56
87,Skjervoy,NO,2022-07-26 17:54:00,70.0311,20.9714,57.2,98,100,5.01
88,Colesberg,ZA,2022-07-26 17:56:56,-30.72,25.0972,56.97,49,43,6.87
89,Saint-Augustin,CA,2022-07-26 17:55:37,51.226,-58.6502,69.84,61,80,19.04
90,Esperance,AU,2022-07-26 17:55:56,-33.8667,121.9,51.64,81,99,8.86
91,Grand Gaube,MU,2022-07-26 17:56:57,-20.0064,57.6608,70.38,74,3,3.0
92,Sitka,US,2022-07-26 17:56:58,57.0531,-135.33,57.09,94,100,3.44
93,Lebu,CL,2022-07-26 17:56:58,-37.6167,-73.65,54.3,78,10,18.23
94,Arraial Do Cabo,BR,2022-07-26 17:56:59,-22.9661,-42.0278,78.76,73,20,20.71
95,Qaanaaq,GL,2022-07-26 17:56:59,77.484,-69.3632,43.88,60,4,1.16
96,Margate,GB,2022-07-26 17:57:00,51.3813,1.3862,65.3,66,95,1.99
97,Tongren,CN,2022-07-26 17:57:00,27.7172,109.1853,77.86,81,15,3.04
98,Prainha,BR,2022-07-26 17:57:01,-1.8,-53.48,92.39,43,79,3.89
99,Khatanga,RU,2022-07-26 17:57:03,71.9667,102.5,64.96,65,86,9.26
100,San Patricio,US,2022-07-26 17:55:36,28.017,-97.5169,94.15,43,81,16.06
101,Kenai,US,2022-07-26 17:57:04,60.5544,-151.2583,57.15,76,1,17.2
102,Georgetown,MY,2022-07-26 17:54:55,5.4112,100.3354,82.33,90,20,0.0
103,Makakilo City,US,2022-07-26 17:57:05,21.3469,-158.0858,79.2,71,9,16.96
104,Hasaki,JP,2022-07-26 17:56:00,35.7333,140.8333,77.4,93,91,17.16
105,Touros,BR,2022-07-26 17:56:06,-5.1989,-35.4608,81.46,64,56,16.93
106,Rawatsar,IN,2022-07-26 17:57:06,29.2833,74.3833,90.54,56,100,13.4
107,Rumonge,BI,2022-07-26 17:57:07,-3.9736,29.4386,74.89,63,47,3.18
108,Lufilufi,WS,2022-07-26 17:57:07,-13.8745,-171.5986,74.98,80,60,20.62
109,Cermik,TR,2022-07-26 17:57:08,38.1361,39.4493,84.22,19,0,5.64
110,Pangody,RU,2022-07-26 17:57:08,65.85,74.4859,49.89,78,62,6.31
111,Zonguldak,TR,2022-07-26 17:57:09,41.25,31.8333,60.35,82,0,2.19
112,Burns Lake,CA,2022-07-26 17:57:11,54.2331,-125.7533,69.22,47,21,2.57
113,Tecoanapa,MX,2022-07-26 17:57:12,16.5167,-98.75,84.85,65,79,7.92
114,Busselton,AU,2022-07-26 17:57:13,-33.65,115.3333,49.89,82,17,6.46
115,Policoro,IT,2022-07-26 17:57:14,40.2115,16.6726,87.98,56,24,4.41
116,Nelson Bay,AU,2022-07-26 17:57:14,-32.7167,152.15,52.0,73,38,11.99
117,Pangnirtung,CA,2022-07-26 17:57:15,66.1451,-65.7125,42.8,87,40,9.22
118,Hermanus,ZA,2022-07-26 17:57:16,-34.4187,19.2345,53.8,88,82,5.66
119,Airai,TL,2022-07-26 17:57:16,-8.9266,125.4092,53.56,67,57,3.65
120,Menongue,AO,2022-07-26 17:57:17,-14.6585,17.691,63.12,28,0,5.23
121,Cape Town,ZA,2022-07-26 17:57:18,-33.9258,18.4232,59.11,81,20,5.75
122,Rio Gallegos,AR,2022-07-26 17:57:18,-51.6226,-69.2181,32.05,64,0,4.61
123,Faanui,PF,2022-07-26 17:57:19,-16.4833,-151.75,76.06,80,77,8.63
124,Salinas,US,2022-07-26 17:53:32,36.6777,-121.6555,63.41,75,100,3.44
125,Vari,GR,2022-07-26 17:57:20,37.8312,23.8081,89.15,41,0,9.22
126,Sao Joao Da Barra,BR,2022-07-26 17:57:21,-21.6403,-41.0511,78.89,70,40,11.41
127,Kodiak,US,2022-07-26 17:57:22,57.79,-152.4072,54.91,58,0,6.91
128,Marienburg,PL,2022-07-26 17:57:23,54.0359,19.0266,72.88,75,100,10.92
129,Termiz,UZ,2022-07-26 17:57:24,37.2242,67.2783,91.49,18,0,4.61
130,Provideniya,RU,2022-07-26 17:57:24,64.3833,-173.3,43.65,69,51,5.37
131,Nisia Floresta,BR,2022-07-26 17:57:25,-6.0911,-35.2086,86.38,68,67,12.41
132,Hithadhoo,MV,2022-07-26 17:57:25,-0.6,73.0833,81.5,77,86,11.56
133,Bonavista,CA,2022-07-26 17:57:26,48.6499,-53.1147,68.11,83,98,18.14
134,Atar,MR,2022-07-26 17:56:51,20.5169,-13.0499,105.57,21,46,7.36
135,Bakel,SN,2022-07-26 17:57:27,14.905,-12.4568,93.27,47,78,2.55
136,Pisco,PE,2022-07-26 17:57:27,-13.7,-76.2167,64.45,77,100,8.05
137,Minab,IR,2022-07-26 17:57:28,27.1467,57.0801,89.92,62,75,0.0
138,Ilulissat,GL,2022-07-26 17:57:29,69.2167,-51.1,37.26,97,100,4.12
139,Bang Saphan,TH,2022-07-26 17:53:44,11.2126,99.5117,78.76,86,96,0.81
140,Gazli,UZ,2022-07-26 17:57:29,40.1333,63.45,92.73,28,25,17.96
141,Zambezi,ZM,2022-07-26 17:57:30,-13.5432,23.1047,64.74,26,2,6.51
142,Hambantota,LK,2022-07-26 17:57:31,6.1241,81.1185,78.15,86,86,4.16
143,Lerwick,GB,2022-07-26 17:57:31,60.1545,-1.1494,53.6,72,74,14.7
144,Lagoa,PT,2022-07-26 17:57:32,39.05,-27.9833,74.08,86,7,12.24
145,Bamako,ML,2022-07-26 17:57:33,12.65,-8.0,90.01,55,75,6.91
146,Viedma,AR,2022-07-26 17:57:33,-40.8135,-62.9967,50.27,95,100,6.02
147,Kloulklubed,PW,2022-07-26 17:56:19,7.0419,134.2556,73.9,72,100,3.67
148,Leningradskiy,RU,2022-07-26 17:57:34,69.3833,178.4167,33.08,99,100,9.4
149,Mogadishu,SO,2022-07-26 17:57:35,2.0371,45.3438,75.81,84,32,20.22
150,Emba,KZ,2022-07-26 17:57:36,48.8264,58.1442,71.6,58,35,3.31
151,Idenao,CM,2022-07-26 17:57:37,4.2475,9.0047,75.0,98,96,5.53
152,Fortuna,US,2022-07-26 17:53:40,40.5982,-124.1573,66.92,78,48,1.99
153,Inhambane,MZ,2022-07-26 17:57:38,-23.865,35.3833,64.38,72,0,0.0
154,Dickson,US,2022-07-26 17:57:38,36.077,-87.3878,94.03,64,93,10.36
155,Isangel,VU,2022-07-26 17:57:39,-19.55,169.2667,73.22,87,82,14.54
156,Porto Novo,BJ,2022-07-26 17:57:40,6.4965,2.6036,78.62,84,99,11.86
157,La Ronge,CA,2022-07-26 17:57:40,55.1001,-105.2842,64.62,68,75,17.27
158,Barrow,US,2022-07-26 17:57:41,71.2906,-156.7887,35.62,93,100,16.11
159,Houston,US,2022-07-26 17:55:15,29.7633,-95.3633,99.28,54,20,5.01
160,Dingle,PH,2022-07-26 17:57:42,10.9995,122.6711,76.84,91,86,3.15
161,Hofn,IS,2022-07-26 17:57:42,64.2539,-15.2082,51.6,88,98,4.56
162,Katsuura,JP,2022-07-26 17:57:42,35.1333,140.3,79.16,91,90,13.29
163,Puerto Leguizamo,CO,2022-07-26 17:57:43,-0.1934,-74.7819,77.76,92,85,3.65
164,Kamennomostskiy,RU,2022-07-26 17:57:44,44.2983,40.1856,62.96,88,64,3.38
165,Port Lincoln,AU,2022-07-26 17:57:45,-34.7333,135.8667,51.62,81,85,11.07
166,Teshie,GH,2022-07-26 17:57:45,5.5836,-0.1072,79.36,78,40,19.57
167,Christchurch,NZ,2022-07-26 17:57:46,-43.5333,172.6333,48.9,97,100,18.41
168,Belen,TR,2022-07-26 17:57:47,36.4891,36.2233,70.93,72,0,7.52
169,Noumea,NC,2022-07-26 17:56:37,-22.2763,166.4572,58.98,76,0,6.26
170,Codrington,AU,2022-07-26 17:57:49,-38.2667,141.9667,51.62,91,74,11.74
171,Grand Forks,US,2022-07-26 17:56:57,47.9417,-97.4337,71.78,57,96,8.75
172,Thung Song,TH,2022-07-26 17:57:49,8.1645,99.6804,75.42,93,87,2.37
173,Chuy,UY,2022-07-26 17:57:51,-33.6971,-53.4616,65.23,86,99,5.37
174,Turayf,SA,2022-07-26 17:57:51,31.6725,38.6637,91.65,17,0,9.22
175,Batagay-Alyta,RU,2022-07-26 17:57:52,67.8006,130.4114,61.21,78,66,1.9
176,Methven,NZ,2022-07-26 17:57:53,-43.6333,171.65,44.02,92,100,3.0
177,Conceicao Da Barra,BR,2022-07-26 17:57:54,-18.5933,-39.7322,77.56,60,34,7.61
178,Port Elizabeth,ZA,2022-07-26 17:57:55,-33.918,25.5701,55.69,88,0,2.3
179,Pacific Grove,US,2022-07-26 17:57:55,36.6177,-121.9166,66.81,85,100,5.99
180,Yenagoa,NG,2022-07-26 17:57:56,4.9247,6.2642,74.61,93,100,5.57
181,Vidim,RU,2022-07-26 17:57:57,56.4088,103.1106,51.03,97,93,4.65
182,Dakar,SN,2022-07-26 17:57:57,14.6937,-17.4441,86.88,74,75,18.41
183,Komsomolskiy,UZ,2022-07-26 17:57:58,40.4272,71.7189,88.52,35,3,6.91
184,Ossora,RU,2022-07-26 17:57:58,59.2353,163.0719,56.61,81,86,2.89
185,Teguise,ES,2022-07-26 17:57:59,29.0605,-13.564,88.02,40,0,18.41
186,Kapit,MY,2022-07-26 17:58:00,2.0167,112.9333,73.35,99,98,1.95
187,Savannah Bight,HN,2022-07-26 17:58:00,16.45,-85.85,82.2,78,43,13.38
188,Cockburn Town,TC,2022-07-26 17:58:01,21.4612,-71.1419,85.96,66,40,17.27
189,Bredasdorp,ZA,2022-07-26 17:56:42,-34.5322,20.0403,51.51,89,51,6.31
190,Yulara,AU,2022-07-26 17:58:02,-25.2406,130.9889,44.28,56,0,9.48
191,Honningsvag,NO,2022-07-26 17:54:38,70.9821,25.9704,58.75,82,0,0.0
192,Tuatapere,NZ,2022-07-26 17:55:52,-46.1333,167.6833,44.35,95,100,10.18
193,Kikwit,CD,2022-07-26 17:58:03,-5.041,18.8162,84.38,22,63,3.36
194,Obihiro,JP,2022-07-26 17:58:04,42.9172,143.2044,64.33,96,100,0.74
195,Laem Sing,TH,2022-07-26 17:58:06,12.4816,102.0738,83.14,82,100,2.93
196,Pak Phanang,TH,2022-07-26 17:58:06,8.3511,100.202,81.59,76,100,2.84
197,Graaff-Reinet,ZA,2022-07-26 17:58:07,-32.2522,24.5308,61.92,39,2,5.84
198,Victoria,HK,2022-07-26 17:58:08,22.2855,114.1577,86.38,77,3,8.99
199,Mayo,US,2022-07-26 17:58:08,38.8876,-76.5119,80.11,80,100,3.0
200,Thompson,CA,2022-07-26 17:58:09,55.7435,-97.8558,62.76,77,75,3.44
201,Zyryanovsk,KZ,2022-07-26 17:58:10,49.7386,84.2719,58.53,71,0,3.06
202,Roma,US,2022-07-26 17:54:03,43.2128,-75.4557,75.69,62,95,1.99
203,Ancud,CL,2022-07-26 17:58:11,-41.8697,-73.8203,52.23,84,81,8.08
204,Vila Franca Do Campo,PT,2022-07-26 17:58:12,37.7167,-25.4333,77.41,80,58,6.78
205,Yuma,US,2022-07-26 17:53:34,32.7253,-114.6244,101.23,37,20,0.0
206,Banda Aceh,ID,2022-07-26 17:58:13,5.5577,95.3222,78.64,83,100,8.59
207,Nishihara,JP,2022-07-26 17:58:14,26.1842,127.7558,79.88,83,5,4.61
208,Mitsamiouli,KM,2022-07-26 17:58:15,-11.3847,43.2844,75.49,78,20,3.44
209,Los Llanos De Aridane,ES,2022-07-26 17:58:15,28.6585,-17.9182,82.15,42,0,16.11
210,Qandala,SO,2022-07-26 17:58:16,11.472,49.8728,90.81,47,7,2.95
211,Te Anau,NZ,2022-07-26 17:58:19,-45.4167,167.7167,41.97,98,100,3.56
212,Leh,IN,2022-07-26 17:58:24,34.1667,77.5833,64.74,58,85,1.19
213,Havre-Saint-Pierre,CA,2022-07-26 17:58:25,50.2334,-63.5986,62.96,72,0,18.41
214,Abu Dhabi,AE,2022-07-26 17:58:26,24.4667,54.3667,96.82,49,0,9.22
215,Half Moon Bay,US,2022-07-26 17:58:26,37.4636,-122.4286,77.88,71,100,9.22
216,Arman,RU,2022-07-26 17:58:27,59.7,150.1667,54.86,88,89,2.28
217,Bilma,NE,2022-07-26 17:58:28,18.6853,12.9164,96.84,11,41,6.73
218,Bengkulu,ID,2022-07-26 17:57:56,-3.8004,102.2655,76.08,87,96,3.4
219,Voh,NC,2022-07-26 17:58:29,-20.9667,164.7,65.46,91,1,3.47
220,Daura,NG,2022-07-26 17:58:31,11.5538,11.4085,80.87,68,72,8.55
221,Vestmannaeyjar,IS,2022-07-26 17:58:32,63.4427,-20.2734,52.79,93,100,18.41
222,Jemnice,CZ,2022-07-26 17:58:32,49.019,15.5699,70.95,67,67,3.96
223,Aksu,CN,2022-07-26 17:58:33,41.1231,80.2644,88.34,20,11,5.32
224,Kushmurun,KZ,2022-07-26 17:58:34,52.4503,64.6311,67.12,78,100,10.85
225,Klaksvik,FO,2022-07-26 17:58:37,62.2266,-6.589,52.72,76,92,10.67
226,Wasilla,US,2022-07-26 17:56:58,61.5814,-149.4394,57.29,61,33,3.0
227,Nome,US,2022-07-26 17:58:38,64.5011,-165.4064,43.16,81,100,23.02
228,Huarmey,PE,2022-07-26 17:54:37,-10.0681,-78.1522,68.27,71,80,12.95
229,Beihai,CN,2022-07-26 17:58:39,21.4833,109.1,84.81,75,1,10.0
230,Debre Tabor,ET,2022-07-26 17:58:39,11.85,38.0167,52.88,92,100,2.84
231,Mabaruma,GY,2022-07-26 17:58:40,8.2,-59.7833,87.39,58,60,6.96
232,Camana,PE,2022-07-26 17:58:41,-16.6228,-72.7111,63.64,76,87,9.78
233,Thunder Bay,CA,2022-07-26 17:58:41,48.4001,-89.3168,75.11,60,75,11.5
234,Tura,IN,2022-07-26 17:58:42,25.5198,90.2201,73.6,88,81,3.38
235,Tevaitoa,PF,2022-07-26 17:58:42,-16.7833,-151.5,76.84,77,84,10.13
236,Sur,OM,2022-07-26 17:58:43,22.5667,59.5289,82.87,77,85,14.29
237,Jalcocotan,MX,2022-07-26 17:58:44,21.4667,-105.1167,84.6,57,100,3.33
238,Olkhovatka,RU,2022-07-26 17:58:45,50.2831,39.2872,65.48,91,95,2.64
239,Padang,ID,2022-07-26 17:58:45,-0.9492,100.3543,76.33,87,68,4.5
240,Nanortalik,GL,2022-07-26 17:58:46,60.1432,-45.2371,46.31,87,92,4.9
241,Ust-Nera,RU,2022-07-26 17:58:46,64.5667,143.2,59.18,87,87,6.08
242,Las Vegas,US,2022-07-26 17:56:11,36.175,-115.1372,89.82,49,0,3.44
243,Karatau,KZ,2022-07-26 17:58:47,43.1667,70.4667,83.25,19,12,4.34
244,Polis,CY,2022-07-26 17:58:49,35.0367,32.4264,82.22,48,0,3.98
245,Entre Rios,BR,2022-07-26 17:58:49,-11.9419,-38.0844,74.3,78,83,9.91
246,Narsaq,GL,2022-07-26 17:58:50,60.9167,-46.05,48.88,81,94,5.06
247,Etchoropo,MX,2022-07-26 17:58:51,26.7667,-109.6667,92.41,63,90,12.66
248,Manaus,BR,2022-07-26 17:58:51,-3.1019,-60.025,93.7,52,40,9.22
249,Shelburne,CA,2022-07-26 17:56:42,44.0787,-80.2041,71.11,45,88,7.38
250,Geraldton,AU,2022-07-26 17:55:13,-28.7667,114.6,43.21,87,0,4.61
251,Miravci,MK,2022-07-26 17:58:52,41.3078,22.435,78.03,50,0,7.11
252,Staryy Nadym,RU,2022-07-26 17:58:55,65.6118,72.6842,52.7,72,71,9.62
253,Fort Nelson,CA,2022-07-26 17:58:55,58.8053,-122.7002,69.39,64,20,5.75
254,Camargo,MX,2022-07-26 17:58:55,27.6667,-105.1667,84.9,35,100,3.2
255,Evergem,BE,2022-07-26 17:56:55,51.1455,3.7118,66.07,64,100,12.59
256,Ketchikan,US,2022-07-26 17:58:56,55.3422,-131.6461,68.61,74,26,9.08
257,Victor Harbor,AU,2022-07-26 17:58:57,-35.5667,138.6167,53.01,75,43,9.8
258,Srednekolymsk,RU,2022-07-26 17:58:58,67.45,153.6833,38.41,84,100,13.6
259,Cortez,US,2022-07-26 17:58:58,37.3489,-108.5859,77.04,62,94,1.86
260,Tabou,CI,2022-07-26 17:58:58,4.423,-7.3528,76.35,78,100,9.51
261,Dzemul,MX,2022-07-26 17:58:59,21.2,-89.3,93.96,45,46,8.81
262,Kavieng,PG,2022-07-26 17:58:59,-2.5744,150.7967,82.53,69,100,12.73
263,Lubao,PH,2022-07-26 17:59:00,14.9167,120.55,80.31,87,96,1.19
264,Boende,CD,2022-07-26 17:59:00,-0.2167,20.8667,73.18,93,88,2.42
265,Alamor,EC,2022-07-26 17:59:02,-4.0181,-80.0197,69.76,67,99,2.75
266,Torbay,CA,2022-07-26 17:59:03,47.6666,-52.7314,77.77,78,75,21.85
267,Coihaique,CL,2022-07-26 17:54:08,-45.5752,-72.0662,34.41,80,100,4.61
268,Kjollefjord,NO,2022-07-26 17:59:04,70.9457,27.3465,64.22,77,75,5.75
269,Kahului,US,2022-07-26 17:57:26,20.8947,-156.47,78.84,85,73,7.0
270,Srandakan,ID,2022-07-26 17:55:57,-7.9386,110.2506,71.85,92,22,3.44
271,Slatyne,UA,2022-07-26 17:59:05,50.2242,36.1608,66.52,83,72,6.06
272,Marshall,US,2022-07-26 17:59:06,34.3834,-86.3333,91.31,62,40,3.44
273,Mandalgovi,MN,2022-07-26 17:59:06,45.7625,106.2708,55.06,74,10,11.01
274,Maningrida,AU,2022-07-26 17:59:07,-12.0667,134.2667,63.43,93,17,8.63
275,Anaco,VE,2022-07-26 17:59:08,9.4389,-64.4728,95.76,28,13,6.6
276,Soyo,AO,2022-07-26 17:59:08,-6.1349,12.3689,71.53,85,75,8.7
277,Mitu,CO,2022-07-26 17:59:09,1.1983,-70.1733,84.0,75,51,3.56
278,Yurga,RU,2022-07-26 17:59:09,55.7231,84.8861,60.91,83,33,5.59
279,Liaozhong,CN,2022-07-26 17:59:10,41.5061,122.7242,70.05,93,18,4.41
280,Esqueda,MX,2022-07-26 17:59:11,30.7167,-109.5833,79.7,49,99,2.08
281,Lata,PT,2022-07-26 17:59:11,40.1629,-8.3327,74.32,50,0,12.1
282,Bundaberg,AU,2022-07-26 17:59:12,-24.85,152.35,57.22,68,2,5.01
283,Sandwick,GB,2022-07-26 17:59:13,60.0,-1.25,53.42,71,40,13.8
284,Kaili,ID,2022-07-26 17:59:14,-3.4626,120.2147,67.21,97,94,1.54
285,Dasoguz,TM,2022-07-26 17:59:15,41.8363,59.9666,84.15,45,0,6.91
286,Raudeberg,NO,2022-07-26 17:59:16,61.9875,5.1352,50.67,85,100,20.89
287,Korla,CN,2022-07-26 17:59:16,41.7597,86.1469,85.89,18,0,3.56
288,Sao Filipe,CV,2022-07-26 17:56:48,14.8961,-24.4956,78.39,81,83,5.75
289,Ankang,CN,2022-07-26 17:59:18,32.68,109.0172,73.4,93,43,2.82
290,Umm Lajj,SA,2022-07-26 17:59:18,25.0213,37.2685,86.99,72,2,5.59
291,Taltal,CL,2022-07-26 17:59:19,-25.4,-70.4833,63.1,70,29,7.43
292,Kryvyy Rih,UA,2022-07-26 17:59:20,47.9167,33.35,70.75,50,33,6.15
293,Derzhavinsk,KZ,2022-07-26 17:59:20,51.1,66.3167,73.11,41,95,9.64
294,Kumphawapi,TH,2022-07-26 17:59:21,17.1087,103.0149,84.88,99,16,4.92
295,Champerico,GT,2022-07-26 17:59:21,14.3,-91.9167,86.54,72,63,5.77
296,Dalvik,IS,2022-07-26 17:59:22,65.9702,-18.5286,57.13,74,100,3.38
297,Mahibadhoo,MV,2022-07-26 17:59:23,3.7833,72.9667,82.47,77,22,17.76
298,Faro,PT,2022-07-26 17:54:26,37.0194,-7.9322,94.78,28,0,17.27
299,Atasu,KZ,2022-07-26 17:59:23,48.6814,71.6433,79.75,20,68,14.72
300,Boguchany,RU,2022-07-26 17:59:24,58.3814,97.4531,56.71,98,100,8.63
301,Mazagao,BR,2022-07-26 17:59:25,-0.115,-51.2894,91.45,52,17,4.65
302,Yerbogachen,RU,2022-07-26 17:59:27,61.2767,108.0108,65.8,79,45,8.72
303,Cordoba,AR,2022-07-26 17:59:28,-31.4135,-64.1811,61.65,94,100,11.5
304,Lavrentiya,RU,2022-07-26 17:54:36,65.5833,-171.0,38.55,89,94,14.7
305,Ous,RU,2022-07-26 17:59:29,60.9058,61.5186,54.61,62,28,4.88
306,Edd,ER,2022-07-26 17:59:29,13.9297,41.6925,91.47,66,96,7.29
307,Suntar,RU,2022-07-26 17:59:29,62.1444,117.6319,69.91,85,1,4.88
308,Seguin,US,2022-07-26 17:59:30,29.5688,-97.9647,98.69,44,32,7.0
309,Guerrero Negro,MX,2022-07-26 17:57:05,27.9769,-114.0611,79.18,52,69,6.35
310,Xining,CN,2022-07-26 17:58:57,36.6167,101.7667,58.37,86,53,2.93
311,Bathsheba,BB,2022-07-26 17:59:31,13.2167,-59.5167,88.41,80,40,23.02
312,Ageyevo,RU,2022-07-26 17:59:32,54.1588,36.4693,68.27,86,29,3.33
313,Upernavik,GL,2022-07-26 17:59:33,72.7868,-56.1549,38.23,90,88,11.14
314,Yantal,RU,2022-07-26 17:59:33,56.8471,105.2542,53.19,98,84,4.56
315,Camopi,GF,2022-07-26 17:59:34,3.1655,-52.3158,82.11,88,43,2.42
316,Nhamunda,BR,2022-07-26 17:59:35,-2.1861,-56.7131,93.4,42,98,3.42
317,Bilibino,RU,2022-07-26 17:59:35,68.0546,166.4372,38.88,71,59,6.76
318,Winnemucca,US,2022-07-26 17:57:47,40.973,-117.7357,91.22,9,48,3.29
319,Luan,CH,2022-07-26 17:59:36,46.3592,6.9759,74.03,70,85,2.48
320,Usevya,TZ,2022-07-26 17:59:37,-7.1,31.2333,72.16,47,55,4.97
321,High Level,CA,2022-07-26 17:55:45,58.5169,-117.136,64.51,82,75,4.61
322,Segovia,ES,2022-07-26 17:59:37,41.1667,-4.0,87.44,24,0,11.79
323,Udachnyy,RU,2022-07-26 17:59:38,66.4167,112.4,71.46,68,45,6.98
324,Bambous Virieux,MU,2022-07-26 17:59:39,-20.3428,57.7575,70.21,94,75,6.91
325,Mlandizi,TZ,2022-07-26 17:59:40,-6.7,38.7333,71.47,80,84,5.32
326,Port Hardy,CA,2022-07-26 17:59:41,50.6996,-127.4199,59.18,94,40,4.61
327,Aklavik,CA,2022-07-26 17:59:42,68.2191,-135.0107,66.2,50,99,11.25
328,Conceicao Do Araguaia,BR,2022-07-26 17:59:43,-8.2578,-49.2647,96.03,21,100,6.02
329,Lalawigan,PH,2022-07-26 17:59:44,11.5892,125.4697,78.4,89,100,4.5
330,College,US,2022-07-26 17:59:44,64.8569,-147.8028,56.08,68,97,5.01
331,Bageshwar,IN,2022-07-26 17:59:45,29.85,79.7667,71.96,93,94,1.07
332,Regina,CA,2022-07-26 17:59:33,50.4501,-104.6178,71.04,58,75,13.8
333,Inyonga,TZ,2022-07-26 17:59:46,-6.7167,32.0667,69.84,39,79,5.37
334,Nouadhibou,MR,2022-07-26 17:59:47,20.931,-17.0347,87.78,62,0,10.36
335,Lalibela,ET,2022-07-26 17:59:47,12.0333,39.0333,61.41,81,100,0.54
336,Sovetskiy,RU,2022-07-26 17:59:48,61.3614,63.5842,55.09,57,5,4.25
337,Dalbandin,PK,2022-07-26 17:59:50,28.8947,64.4101,80.53,74,59,10.33
338,Vanimo,PG,2022-07-26 17:59:50,-2.6741,141.3028,76.91,91,95,5.86
339,Gat,IL,2022-07-26 17:59:51,31.61,34.7642,83.39,100,0,5.79
340,Zhireken,RU,2022-07-26 17:59:51,52.8249,117.3076,62.94,96,100,7.45
341,Fairbanks,US,2022-07-26 17:59:53,64.8378,-147.7164,56.08,67,98,5.01
342,Dali,CN,2022-07-26 17:59:53,25.7,100.1833,62.22,93,59,5.03
343,Vardo,NO,2022-07-26 17:59:54,70.3705,31.1107,57.18,100,75,4.61
344,Dicabisagan,PH,2022-07-26 17:59:54,17.0818,122.4157,78.62,88,93,4.38
345,Kiruna,SE,2022-07-26 17:58:01,67.8557,20.2251,59.92,94,100,3.44
346,Ostrovnoy,RU,2022-07-26 17:59:56,68.0531,39.5131,60.04,75,100,16.91
347,Chingirlau,KZ,2022-07-26 17:59:56,51.095,54.0814,66.97,81,99,5.79
348,Yei,SS,2022-07-26 17:59:57,4.095,30.6779,68.13,94,63,3.11
349,Rio Grande,BR,2022-07-26 17:57:49,-32.035,-52.0986,69.91,83,70,10.25
350,Mossendjo,CG,2022-07-26 17:59:58,-2.9506,12.7261,70.7,69,85,0.74
351,Iracoubo,GF,2022-07-26 17:59:59,5.4802,-53.2011,83.44,72,34,7.52
352,Aksha,RU,2022-07-26 17:59:59,50.2814,113.2867,57.72,95,100,14.56
353,Nichinan,JP,2022-07-26 18:00:00,31.6,131.3667,78.13,91,2,2.84
354,Saint Anthony,US,2022-07-26 18:00:01,45.0205,-93.218,79.03,67,100,8.05
355,Zhigansk,RU,2022-07-26 17:56:09,66.7697,123.3711,61.38,72,40,1.92
356,Ziro,IN,2022-07-26 18:00:02,27.6333,93.8333,58.71,98,67,0.67
357,Sergeyevka,KZ,2022-07-26 18:00:03,53.88,67.4158,64.81,90,100,4.25
358,Laguna Beach,US,2022-07-26 17:58:17,33.5423,-117.7831,84.13,71,40,7.0
359,Olafsvik,IS,2022-07-26 18:00:05,64.8945,-23.7142,53.17,90,100,12.55
360,Moindou,NC,2022-07-26 18:00:06,-21.6924,165.677,65.55,81,3,4.72
361,Malanje,AO,2022-07-26 18:00:07,-9.5402,16.341,72.27,19,14,3.27
362,Pevek,RU,2022-07-26 18:00:07,69.7008,170.3133,33.37,83,80,4.85
363,Paamiut,GL,2022-07-26 18:00:08,61.994,-49.6678,41.85,93,31,17.83
364,Povenets,RU,2022-07-26 18:00:09,62.8487,34.8262,65.28,80,75,6.29
365,Florianopolis,BR,2022-07-26 17:58:13,-27.6146,-48.5012,73.4,60,20,9.22
366,Masaba,PH,2022-07-26 18:00:11,10.5333,123.9667,77.27,85,82,3.98
367,Cabra,ES,2022-07-26 18:00:12,37.4725,-4.4421,96.48,9,0,11.34
368,Caruray,PH,2022-07-26 18:00:13,10.3094,119.0128,79.48,86,88,4.47
369,Calama,CL,2022-07-26 17:59:31,-22.4667,-68.9333,72.09,7,0,13.8
370,Nouakchott,MR,2022-07-26 18:00:15,18.0858,-15.9785,82.09,76,47,13.89
371,Logansport,US,2022-07-26 18:00:16,40.7545,-86.3567,80.46,73,100,4.61
372,Lompoc,US,2022-07-26 17:55:42,34.6391,-120.4579,70.92,85,100,4.0
373,Tautira,PF,2022-07-26 18:00:17,-17.7333,-149.15,73.09,85,100,7.78
374,Souillac,MU,2022-07-26 18:00:18,-20.5167,57.5167,69.69,83,8,11.18
375,Tomatlan,MX,2022-07-26 18:00:19,19.9333,-105.25,91.45,54,99,2.26
376,Columbus,US,2022-07-26 17:59:30,39.9612,-82.9988,77.38,75,100,4.83
377,La Venta Del Astillero,MX,2022-07-26 18:00:20,20.7167,-103.5333,75.31,69,96,1.1
378,Chupa,RU,2022-07-26 18:00:21,66.27,33.0549,65.08,84,91,7.29
379,Kralendijk,BQ,2022-07-26 17:58:59,12.15,-68.2667,81.41,79,45,16.33
380,Nkoteng,CM,2022-07-26 18:00:26,4.5167,12.0333,70.86,92,73,3.56
381,Namibe,AO,2022-07-26 17:57:24,-15.1961,12.1522,63.91,80,41,4.29
382,Ust-Barguzin,RU,2022-07-26 18:00:27,53.45,108.9833,52.09,99,100,4.23
383,Naze,JP,2022-07-26 18:00:28,28.3667,129.4833,79.41,76,11,3.09
384,Pafos,CY,2022-07-26 18:00:29,34.7667,32.4167,82.18,74,0,6.91
385,Khandyga,RU,2022-07-26 18:00:30,62.6667,135.6,60.1,80,49,2.98
386,Salym,RU,2022-07-26 18:00:31,60.0625,71.4789,57.24,66,47,5.35
387,Luderitz,NA,2022-07-26 18:00:32,-26.6481,15.1594,56.39,80,38,5.1
388,Saldanha,ZA,2022-07-26 18:00:16,-33.0117,17.9442,56.21,86,40,3.29
389,Mao,ES,2022-07-26 18:00:33,39.8885,4.2658,81.16,57,0,14.97
390,Guaymas,MX,2022-07-26 18:00:34,27.9333,-110.9,91.45,60,50,9.89
391,Port Macquarie,AU,2022-07-26 18:00:34,-31.4333,152.9167,49.89,64,5,11.79
392,Talavera De La Reina,ES,2022-07-26 18:00:36,39.9635,-4.8308,97.63,14,0,13.87
393,Tigil,RU,2022-07-26 18:00:36,57.8,158.6667,46.27,78,75,5.28
394,Zaysan,KZ,2022-07-26 18:00:37,47.4667,84.8667,67.15,26,11,9.04
395,Hami,CN,2022-07-26 17:58:30,42.8,93.45,82.85,13,1,9.66
396,Hirara,JP,2022-07-26 18:00:38,24.8,125.2833,85.06,76,12,11.39
397,Tsaratanana,MG,2022-07-26 18:00:38,-16.7833,47.65,66.33,69,1,6.08
398,Tallahassee,US,2022-07-26 18:00:39,30.4383,-84.2807,93.85,67,40,13.8
399,Granja,BR,2022-07-26 18:00:40,-3.1203,-40.8261,93.42,34,70,3.94
400,Meulaboh,ID,2022-07-26 18:00:41,4.1363,96.1285,74.73,94,100,7.87
401,Montesarchio,IT,2022-07-26 18:00:42,41.0654,14.6402,84.45,50,0,5.55
402,Paka,MY,2022-07-26 18:00:43,4.6374,103.4368,79.57,87,100,6.4
403,Tadine,NC,2022-07-26 18:00:45,-21.55,167.8833,66.99,73,49,6.08
404,Iqaluit,CA,2022-07-26 18:00:46,63.7506,-68.5145,43.81,78,68,7.65
405,San Pedro,PH,2022-07-26 18:00:46,14.35,121.0167,79.36,90,95,2.68
406,Port Moresby,PG,2022-07-26 18:00:47,-9.4431,147.1797,73.83,91,66,5.21
407,Alofi,NU,2022-07-26 18:00:28,-19.0595,-169.9187,73.71,65,10,18.88
408,Seinajoki,FI,2022-07-26 17:57:48,62.7945,22.8282,66.78,92,75,8.05
409,Anloga,GH,2022-07-26 18:00:48,5.7947,0.8973,76.17,89,98,16.44
410,Gewane,ET,2022-07-26 18:00:49,10.1664,40.6453,89.94,41,13,3.65
411,Mankono,CI,2022-07-26 18:00:50,8.0586,-6.1897,78.57,79,100,1.74
412,Tabat,ID,2022-07-26 18:00:51,-2.635,115.2274,73.13,98,92,0.98
413,Barsovo,RU,2022-07-26 18:00:52,61.1667,73.1667,64.53,74,48,5.28
414,Sisimiut,GL,2022-07-26 18:00:52,66.9395,-53.6735,43.79,83,82,9.73
415,Basco,PH,2022-07-26 18:00:53,20.4487,121.9702,84.7,75,32,7.09
416,Hargeysa,SO,2022-07-26 18:00:20,9.56,44.065,77.88,39,85,21.16
417,Flinders,AU,2022-07-26 18:00:55,-34.5833,150.8552,52.18,68,4,8.99
418,Opotiki,NZ,2022-07-26 18:00:56,-38.0833,177.2833,54.75,96,100,17.43
419,Gizo,SB,2022-07-26 17:57:13,-8.103,156.8419,81.28,76,98,6.29
420,Finschhafen,PG,2022-07-26 18:00:58,-6.6024,147.8681,77.67,87,100,11.27
421,Ocos,GT,2022-07-26 18:00:59,14.5094,-92.1933,82.44,74,60,5.53
422,Saint-Georges,GD,2022-07-26 18:00:50,12.0564,-61.7485,80.31,82,48,12.1
423,Burnie,AU,2022-07-26 18:00:59,-41.0667,145.9167,49.91,75,86,12.77
424,Pangai,TO,2022-07-26 18:01:00,-19.8,-174.35,75.58,65,96,15.37
425,Kruisfontein,ZA,2022-07-26 18:01:01,-34.0033,24.7314,58.28,55,3,6.22
426,Wad Madani,SD,2022-07-26 18:01:02,14.4012,33.5199,88.03,47,100,12.57
427,Pinamopoan,PH,2022-07-26 18:01:03,11.3147,124.5739,77.2,91,99,2.35
428,Emerald,AU,2022-07-26 18:01:04,-23.5333,148.1667,52.34,73,0,18.14
429,Aketi,CD,2022-07-26 18:01:04,2.7388,23.7833,71.49,97,100,1.3
430,Broome,US,2022-07-26 18:01:05,42.2506,-75.833,75.45,58,100,4.0
431,Metro,ID,2022-07-26 18:01:06,-5.1131,105.3067,73.49,93,83,4.88
432,Kitimat,CA,2022-07-26 18:01:07,54.0524,-128.6534,76.91,52,51,5.12
433,Bambanglipuro,ID,2022-07-26 18:01:08,-7.95,110.2833,71.69,92,21,3.47
434,Karratha,AU,2022-07-26 18:01:09,-20.7377,116.8463,68.56,30,57,6.93
435,Petropavlovsk-Kamchatskiy,RU,2022-07-26 18:01:09,53.0452,158.6483,52.05,92,96,1.72
436,La Union,PE,2022-07-26 18:01:11,-5.4,-80.75,78.4,49,98,8.77
437,Inuvik,CA,2022-07-26 17:58:47,68.3499,-133.7218,67.21,61,75,10.36
438,Kabompo,ZM,2022-07-26 18:01:12,-13.5927,24.2008,61.74,27,0,6.06
439,Varnavino,RU,2022-07-26 18:01:13,57.4035,45.0916,66.24,87,67,5.28
440,Colares,PT,2022-07-26 17:56:57,38.7992,-9.4469,82.08,60,20,20.71
441,Shache,CN,2022-07-26 18:01:15,38.4167,77.2406,89.35,18,18,8.48
442,Zlatna,RO,2022-07-26 18:01:15,46.1167,23.2167,73.29,39,0,5.37
443,Novobirilyussy,RU,2022-07-26 18:01:16,56.9514,90.6661,52.75,93,88,3.89
444,Shimoda,JP,2022-07-26 18:01:17,34.6667,138.95,76.1,92,75,7.67
445,Buraydah,SA,2022-07-26 18:01:17,26.326,43.975,96.35,14,78,7.78
446,Kaeo,NZ,2022-07-26 18:01:19,-35.1,173.7833,52.32,87,83,14.97
447,Ujiie,JP,2022-07-26 18:01:20,36.6833,139.9667,76.12,97,97,3.96
448,Amapa,BR,2022-07-26 18:01:21,1.0,-52.0,84.74,71,43,2.66
449,Boundiali,CI,2022-07-26 18:01:23,9.5217,-6.4869,78.82,82,81,4.05
450,Neiafu,TO,2022-07-26 18:01:24,-18.65,-173.9833,75.92,70,73,17.67
451,Paragominas,BR,2022-07-26 18:01:24,-2.9667,-47.4833,91.98,33,87,4.7
452,Kalmunai,LK,2022-07-26 18:01:25,7.4167,81.8167,79.92,82,78,2.89
453,Sola,VU,2022-07-26 18:01:26,-13.8833,167.55,79.65,79,11,11.14
454,Loikaw,MM,2022-07-26 18:01:26,19.6742,97.2094,69.13,89,18,3.0
455,Klyuchi,RU,2022-07-26 18:01:27,52.2667,79.1667,71.85,41,20,5.23
456,Sept-Iles,CA,2022-07-26 18:01:15,50.2001,-66.3821,66.0,59,89,14.14
457,Peque,CO,2022-07-26 18:01:29,7.0212,-75.9093,76.75,72,78,1.52
458,Lanquin,GT,2022-07-26 18:01:30,15.5667,-89.9667,84.06,55,100,4.81
459,Mezhdurechenskiy,RU,2022-07-26 18:01:30,59.6,65.9333,56.14,68,30,5.57
460,Chiredzi,ZW,2022-07-26 18:01:32,-21.05,31.6667,63.36,53,0,4.94
461,Aykhal,RU,2022-07-26 18:01:33,66.0,111.5,68.04,71,54,8.34
462,Pokosnoye,RU,2022-07-26 18:01:34,55.5258,101.0536,53.91,83,75,5.7
463,Savinka,RU,2022-07-26 18:01:34,50.0785,47.0994,72.61,66,81,4.99
464,Kushima,JP,2022-07-26 18:01:35,31.4583,131.2333,81.23,94,2,3.04
465,Baft,IR,2022-07-26 18:01:36,29.234,56.6057,70.34,67,97,9.31
466,Kencong,ID,2022-07-26 18:01:37,-8.2833,113.3667,72.45,90,65,3.11
467,Progreso,MX,2022-07-26 18:01:38,21.2833,-89.6667,87.26,61,27,14.99
468,Mazamari,PE,2022-07-26 18:01:39,-11.3258,-74.5308,82.67,66,95,1.88
469,Coos Bay,US,2022-07-26 17:58:35,43.3665,-124.2179,70.0,94,100,6.91
470,Dong Xoai,VN,2022-07-26 18:01:40,11.5333,106.9167,73.65,96,92,2.8
471,Requena,ES,2022-07-26 18:01:41,39.4883,-1.1004,78.78,47,0,10.83
472,Beringovskiy,RU,2022-07-26 18:01:42,63.05,179.3167,46.94,82,93,6.85
473,Belmonte,BR,2022-07-26 18:01:42,-15.8631,-38.8828,76.86,62,8,9.95
474,Manjeshwar,IN,2022-07-26 18:01:44,12.7194,74.8861,79.75,86,100,6.73
475,Avera,US,2022-07-26 18:01:45,33.194,-82.5271,90.91,39,87,10.07
476,Fort-Shevchenko,KZ,2022-07-26 18:01:45,44.5086,50.263,78.06,61,0,7.74
477,Luwuk,ID,2022-07-26 18:01:46,-0.9516,122.7875,75.83,95,100,4.92
478,Yaring,TH,2022-07-26 18:01:47,6.8662,101.3689,79.83,83,75,5.26
479,Axim,GH,2022-07-26 18:01:48,4.8699,-2.2405,76.57,84,97,10.6
480,Tual,ID,2022-07-26 18:01:48,-5.6667,132.75,79.09,81,75,22.7
481,Santa Cruz,BO,2022-07-26 17:57:15,-17.8,-63.1667,89.65,45,40,16.11
482,Adamovka,RU,2022-07-26 18:01:49,51.5223,59.9396,63.23,87,100,12.84
483,Longyearbyen,SJ,2022-07-26 18:01:49,78.2186,15.6401,48.04,87,75,6.91
484,Saint-Joseph,RE,2022-07-26 18:01:50,-21.3667,55.6167,64.78,79,35,6.82
485,Cascais,PT,2022-07-26 17:58:08,38.6979,-9.4215,82.26,62,20,20.71
486,Barabinsk,RU,2022-07-26 18:01:51,55.3571,78.357,67.14,77,8,8.25
487,Nampula,MZ,2022-07-26 18:01:52,-15.1165,39.2666,64.27,84,58,6.82
488,Hurricane,US,2022-07-26 18:01:52,37.1753,-113.2899,87.71,48,87,6.42
489,Nagato,JP,2022-07-26 18:01:53,34.3833,131.2,76.68,85,2,3.38
490,Deder,ET,2022-07-26 18:01:53,9.3167,41.45,60.48,73,79,6.62
491,Asbe Teferi,ET,2022-07-26 18:01:54,9.0833,40.8667,67.05,62,47,6.62
492,Aguas De Lindoia,BR,2022-07-26 18:01:55,-22.4764,-46.6328,82.04,26,5,2.77
493,Sioux Lookout,CA,2022-07-26 18:01:00,50.1001,-91.917,62.67,100,75,4.61
494,Dangriga,BZ,2022-07-26 18:01:56,16.9692,-88.2321,83.19,70,100,6.87
495,Faya,SA,2022-07-26 18:01:57,18.3851,42.4509,69.48,55,100,5.57
496,Shangqiu,CN,2022-07-26 18:00:25,34.45,115.65,75.87,90,0,2.84
497,Miraflores,MX,2022-07-26 18:01:58,19.2167,-98.8083,72.03,44,54,2.95
498,Biloela,AU,2022-07-26 18:01:59,-24.4167,150.5,51.62,64,25,11.56
499,Cayenne,GF,2022-07-26 18:01:15,4.9333,-52.3333,89.64,21,40,11.5
500,Tagusao,PH,2022-07-26 18:02:00,9.1924,117.8141,79.36,84,93,4.27
501,Colchester,GB,2022-07-26 17:59:44,51.8892,0.9042,66.76,69,100,9.93
502,Yar-Sale,RU,2022-07-26 18:02:01,66.8333,70.8333,48.92,88,100,10.71
503,Madimba,TZ,2022-07-26 18:01:10,-10.4,40.3333,73.96,79,57,14.79
504,Harrogate,GB,2022-07-26 18:01:13,53.9908,-1.5373,65.1,84,40,11.5
505,Sakakah,SA,2022-07-26 18:02:02,29.9697,40.2064,96.8,11,0,11.72
506,Arona,ES,2022-07-26 18:00:22,28.0996,-16.681,83.7,37,0,21.85
507,Taperoa,BR,2022-07-26 18:02:03,-7.2075,-36.8267,84.81,37,86,15.19
508,Mount Gambier,AU,2022-07-26 18:02:04,-37.8333,140.7667,51.17,92,53,9.35
509,Nador,MA,2022-07-26 18:02:05,35.174,-2.9287,95.25,23,0,10.36
510,Kashi,CN,2022-07-26 18:02:06,39.4547,75.9797,88.52,20,24,3.94
511,Svetlogorsk,BY,2022-07-26 18:02:06,52.6333,29.7333,67.59,70,56,4.45
512,Songjianghe,CN,2022-07-26 18:02:07,42.1859,127.479,64.51,96,85,2.39
513,Severo-Kurilsk,RU,2022-07-26 18:02:08,50.6789,156.125,50.76,88,97,4.03
514,Barreirinhas,BR,2022-07-26 18:02:08,-2.7469,-42.8264,90.1,42,50,5.84
515,Linjiang,CN,2022-07-26 18:02:09,41.8069,126.9078,69.3,96,96,1.79
516,Republic,US,2022-07-26 18:02:10,37.12,-93.4802,101.32,33,0,9.22
517,Indramayu,ID,2022-07-26 18:02:11,-6.3264,108.32,76.44,78,96,7.31
518,Zabol,AF,2022-07-26 18:02:12,32.25,67.25,76.75,52,68,5.66
519,Mahebourg,MU,2022-07-26 18:01:38,-20.4081,57.7,70.25,81,7,12.21
520,Hobyo,SO,2022-07-26 17:57:33,5.3505,48.5268,76.33,83,37,25.95
521,Howard Springs,AU,2022-07-26 18:02:13,-12.497,131.047,69.71,96,60,4.99
522,Macheng,CN,2022-07-26 18:02:14,31.1783,115.0319,78.57,88,8,2.3
523,Tigzirt,DZ,2022-07-26 18:02:15,36.8886,4.1198,83.37,63,3,6.91
524,Palora,EC,2022-07-26 18:02:16,-1.7,-77.9333,69.91,91,69,3.47
525,Whitehorse,CA,2022-07-26 18:02:17,60.7161,-135.0538,68.81,55,90,18.01
526,Warmbad,NA,2022-07-26 18:02:17,-28.45,18.7333,60.62,40,0,13.38
527,Henties Bay,NA,2022-07-26 17:57:39,-22.116,14.2845,54.61,86,6,9.04
528,Batesville,US,2022-07-26 18:00:51,35.7698,-91.641,102.07,45,36,5.99
529,Maldonado,UY,2022-07-26 18:01:26,-34.6667,-54.9167,70.23,82,100,8.37
530,Vikhorevka,RU,2022-07-26 18:02:19,56.1201,101.1636,56.79,94,72,3.96
531,Isla Vista,US,2022-07-26 18:02:20,34.4133,-119.861,79.34,64,100,4.61
532,Comodoro Rivadavia,AR,2022-07-26 18:02:21,-45.8667,-67.5,34.92,84,100,7.49
533,Jiwani,PK,2022-07-26 18:02:22,25.05,61.7417,82.62,83,98,18.32
534,Saint Charles,US,2022-07-26 18:02:23,38.7667,-90.7335,73.13,94,100,5.01
535,Uttaradit,TH,2022-07-26 18:02:24,17.6667,100.5,72.45,92,12,2.55
536,Taiping,MY,2022-07-26 18:02:25,4.85,100.7333,76.28,96,100,2.98
537,Bahia Honda,CU,2022-07-26 18:02:26,22.9036,-83.1592,87.08,65,60,6.64
538,Marrakesh,MA,2022-07-26 18:02:27,31.6315,-8.0083,105.87,14,20,12.66
539,Sri Aman,MY,2022-07-26 18:02:28,1.2376,111.4621,72.97,100,100,0.16
540,Talara,PE,2022-07-26 18:02:29,-4.5772,-81.2719,69.58,75,70,17.87
541,Fenoarivo,MG,2022-07-26 18:02:30,-18.933,47.4354,55.47,88,20,6.91
542,Bullhead City,US,2022-07-26 18:02:31,35.1478,-114.5683,97.09,42,40,6.91
543,Jimenez,MX,2022-07-26 18:02:31,28.3333,-105.4,86.4,33,98,4.94
544,Hualmay,PE,2022-07-26 18:02:32,-11.0964,-77.6139,66.56,71,92,12.59
545,Rochester,US,2022-07-26 18:00:49,43.1548,-77.6156,78.58,56,75,11.5
546,Cabedelo,BR,2022-07-26 18:02:33,-6.9811,-34.8339,78.53,75,70,13.91
547,Constitucion,CL,2022-07-26 18:02:34,-35.3333,-72.4167,55.99,82,97,11.5
548,Moerai,PF,2022-07-26 18:02:35,-22.4333,-151.3333,70.03,61,97,19.44
549,Husavik,IS,2022-07-26 18:02:35,66.0449,-17.3389,54.25,73,79,5.64
550,Yurimaguas,PE,2022-07-26 18:02:36,-5.9,-76.0833,73.18,96,99,2.89
551,Indian Head,US,2022-07-26 17:57:44,38.6001,-77.1622,80.35,80,0,0.0
552,Saurimo,AO,2022-07-26 18:02:37,-9.6608,20.3916,68.36,25,16,4.56
553,Grezzana,IT,2022-07-26 17:58:06,45.5203,11.0177,90.14,57,0,11.5
554,Derby,GB,2022-07-26 18:00:03,52.9228,-1.4766,69.66,45,0,9.22
555,Rauma,FI,2022-07-26 18:02:38,61.1272,21.5113,66.24,87,60,13.09
556,Belaya Gora,RU,2022-07-26 18:02:39,68.5333,146.4167,48.36,54,86,10.33
557,Orchard Homes,US,2022-07-26 18:02:40,46.8633,-114.0484,85.39,41,1,5.99
558,Sribne,UA,2022-07-26 18:02:40,50.6638,32.9187,65.62,76,13,5.66
559,Kandrian,PG,2022-07-26 18:02:41,-6.2167,149.55,75.67,92,99,4.36
560,Wanning,CN,2022-07-26 18:02:42,18.8003,110.3967,80.1,85,6,5.46
561,Nuuk,GL,2022-07-26 18:02:44,64.1835,-51.7216,45.21,93,75,1.14
562,Pingliang,CN,2022-07-26 18:02:44,35.5392,106.6861,67.62,87,64,10.27
563,Kosovo Polje,XK,2022-07-26 17:58:41,42.6394,21.0961,89.56,44,20,2.3
564,San Policarpo,PH,2022-07-26 18:02:45,12.1791,125.5072,78.51,88,94,5.5
565,Mahanoro,MG,2022-07-26 18:02:47,-19.9,48.8,66.04,82,3,0.67
566,Brae,GB,2022-07-26 18:01:57,60.3964,-1.353,52.34,73,68,13.47
567,Rawson,AR,2022-07-26 18:02:16,-43.3002,-65.1023,46.49,93,100,6.98
568,Haines Junction,CA,2022-07-26 18:02:49,60.7522,-137.5108,62.42,66,83,6.22
569,Caravelas,BR,2022-07-26 18:02:50,-17.7125,-39.2481,76.26,64,6,7.54
570,Kidal,ML,2022-07-26 18:02:50,18.4411,1.4078,104.94,8,21,9.82
571,Puerto Escondido,MX,2022-07-26 18:01:08,15.85,-97.0667,85.69,66,60,6.58
572,Ampanihy,MG,2022-07-26 18:02:52,-24.7,44.75,61.16,69,1,4.81
573,Agadez,NE,2022-07-26 18:02:52,19.75,10.25,92.44,10,13,8.59
574,Iguatu,BR,2022-07-26 18:02:53,-6.3594,-39.2986,94.55,17,100,5.79
575,Rabaul,PG,2022-07-26 18:02:54,-4.1967,152.1721,79.32,80,66,2.64
576,Davila,PH,2022-07-26 18:02:54,18.4726,120.5763,82.0,79,99,2.17
577,Pontianak,ID,2022-07-26 18:02:55,-0.0333,109.3333,75.18,94,75,3.44
578,Kijang,KR,2022-07-26 18:02:55,35.2442,129.2139,71.67,86,33,7.63
579,Tarko-Sale,RU,2022-07-26 18:02:56,64.9225,77.785,59.29,71,2,11.01
580,Segou,ML,2022-07-26 18:02:57,13.4317,-6.2157,88.77,51,73,9.42
581,Ust-Maya,RU,2022-07-26 18:02:57,60.4167,134.5333,56.21,76,13,1.01
582,Itoman,JP,2022-07-26 18:02:58,26.1247,127.6694,80.62,83,22,4.61
583,Homer,US,2022-07-26 18:02:58,59.6425,-151.5483,50.81,74,43,13.0
584,Labuhan,ID,2022-07-26 18:02:59,-6.8844,112.2051,75.18,82,47,5.95
585,Kavaratti,IN,2022-07-26 18:00:09,10.5669,72.642,80.78,79,100,17.29
586,Deori,IN,2022-07-26 18:03:00,21.45,82.6167,78.8,87,91,1.41
587,Acarau,BR,2022-07-26 18:03:00,-2.8856,-40.12,85.1,55,46,16.02
588,Necochea,AR,2022-07-26 18:03:01,-38.5473,-58.7368,58.75,88,100,5.46
589,Rudbar,AF,2022-07-26 18:03:02,30.15,62.6,89.69,51,31,14.14
590,Tungor,RU,2022-07-26 18:03:02,53.3808,142.9564,53.58,95,95,4.9
591,Charters Towers,AU,2022-07-26 18:03:03,-20.1,146.2667,58.17,85,0,4.83
592,Mecca,SA,2022-07-26 17:58:30,21.4267,39.8261,94.68,42,37,3.4
593,Buala,SB,2022-07-26 18:03:04,-8.145,159.5921,78.31,84,64,4.14
594,Junction City,US,2022-07-26 18:03:04,39.0286,-96.8314,77.61,83,75,3.44
595,Hohhot,CN,2022-07-26 18:00:09,40.8106,111.6522,66.25,75,78,4.63
596,Domoni,KM,2022-07-26 18:03:06,-12.2569,44.5319,75.09,76,49,9.33
597,Magadan,RU,2022-07-26 17:58:15,59.5667,150.8,52.99,95,85,2.82
598,Samarai,PG,2022-07-26 18:03:06,-10.6167,150.6667,78.58,85,82,10.54
599,Tanete,ID,2022-07-26 18:03:07,-3.9443,119.7848,75.02,94,92,6.55
600,Rafraf,TN,2022-07-26 18:03:08,37.1904,10.1837,91.71,64,0,12.33
601,Mattru,SL,2022-07-26 18:03:08,7.6244,-11.8332,78.06,81,95,5.7
602,Muyezerskiy,RU,2022-07-26 18:03:09,63.9333,31.65,67.26,72,92,9.95
603,Benjamin Aceval,PY,2022-07-26 18:03:10,-24.9667,-57.5667,91.54,22,0,7.38
604,Coquimbo,CL,2022-07-26 18:03:11,-29.9533,-71.3436,60.01,66,0,5.97
605,Torres,BR,2022-07-26 18:03:12,-29.3353,-49.7269,81.82,78,6,10.02
606,Mukhen,RU,2022-07-26 18:03:13,48.1,136.1,64.8,97,52,2.06
607,Bellevue,US,2022-07-26 17:58:32,47.6104,-122.2007,87.01,56,0,3.0
608,Portel,BR,2022-07-26 18:03:14,-1.9356,-50.8211,84.54,65,97,2.26
609,Chifeng,CN,2022-07-26 18:00:23,42.2683,118.9636,68.2,83,38,4.45
610,Hamilton,US,2022-07-26 18:03:01,39.1834,-84.5333,75.25,92,100,1.01
611,Thurso,GB,2022-07-26 18:01:01,58.5927,-3.5259,57.45,80,44,14.12
612,Lola,GN,2022-07-26 18:03:16,7.8,-8.5333,74.26,91,75,3.02
613,Bull Savanna,JM,2022-07-26 18:03:16,17.8868,-77.5902,83.44,65,40,19.93
614,Algeciras,ES,2022-07-26 18:03:17,36.1333,-5.4505,87.48,37,0,13.8
615,Campbell River,CA,2022-07-26 18:01:00,50.0163,-125.2446,82.6,45,5,2.01
616,Rio Bueno,CL,2022-07-26 18:03:18,-40.3167,-72.9667,54.03,86,29,6.29
617,Novoagansk,RU,2022-07-26 18:03:19,61.9449,76.6625,59.56,96,32,5.91
618,Hammerfest,NO,2022-07-26 18:03:19,70.6634,23.6821,66.65,72,40,6.91
619,Ninghai,CN,2022-07-26 18:03:20,29.2892,121.4247,76.69,82,61,2.64
620,Azad Shahr,IR,2022-07-26 18:03:21,34.7909,48.5707,76.77,29,0,4.56
621,Saint Simons,US,2022-07-26 18:03:22,31.1352,-81.3901,91.44,55,0,9.22
622,Svalyava,UA,2022-07-26 18:03:23,48.5485,22.9958,79.61,54,41,4.54
623,Alexandria,EG,2022-07-26 17:59:45,31.2156,29.9553,82.36,61,0,6.91
624,Chaplynka,UA,2022-07-26 18:03:23,46.3651,33.5403,71.76,47,50,5.08
625,Shizuishan,CN,2022-07-26 18:03:24,39.2333,106.7694,77.27,36,100,14.81
626,Cravo Norte,CO,2022-07-26 18:03:25,6.3017,-70.2041,85.66,64,65,3.67
627,Miri,MY,2022-07-26 18:03:26,4.4148,114.0089,76.93,89,100,3.24
628,Willowmore,ZA,2022-07-26 18:03:26,-33.2926,23.4895,57.61,38,7,3.13
629,Knyaze-Volkonskoye,RU,2022-07-26 18:03:27,48.4642,135.4567,64.74,94,74,3.49
630,Daru,PG,2022-07-26 18:03:28,-9.0763,143.2092,76.21,83,95,14.14
631,Slave Lake,CA,2022-07-26 18:03:29,55.2834,-114.769,68.05,49,48,4.43
632,Andenes,NO,2022-07-26 18:03:29,69.3143,16.1194,52.93,100,75,16.11
633,Donskoye,RU,2022-07-26 18:03:30,45.4552,41.9741,69.93,66,71,1.52
634,Doembang Nangbuat,TH,2022-07-26 18:03:31,14.8333,100.1,85.05,81,67,8.01
635,Cam Ranh,VN,2022-07-26 18:03:31,11.9214,109.1591,78.76,83,20,1.14
636,Worland,US,2022-07-26 18:02:47,44.0169,-107.9554,79.25,48,0,10.36
637,Venado Tuerto,AR,2022-07-26 18:03:32,-33.7456,-61.9688,71.76,61,78,8.37
638,Bayir,TR,2022-07-26 18:03:33,37.2687,28.2167,77.52,36,0,2.06
639,Harper,LR,2022-07-26 18:03:35,4.375,-7.7169,76.17,78,100,9.22
640,Puqi,CN,2022-07-26 18:03:35,29.7167,113.8833,82.06,77,25,4.27
641,Chara,RU,2022-07-26 18:03:36,56.9064,118.2631,65.08,77,45,1.45
642,Erenhot,CN,2022-07-26 18:03:37,43.6475,111.9767,74.77,35,23,6.62
643,Tocopilla,CL,2022-07-26 18:02:19,-22.092,-70.1979,66.18,67,20,10.13
644,Almaznyy,RU,2022-07-26 18:03:38,48.0448,40.045,66.85,72,54,0.2
645,Grindavik,IS,2022-07-26 18:02:29,63.8424,-22.4338,54.07,94,100,18.41
646,Koronowo,PL,2022-07-26 18:03:39,53.3137,17.937,70.54,72,100,9.93
647,Malaut,IN,2022-07-26 18:03:40,30.2167,74.4833,87.24,61,41,8.52
648,Tiznit,MA,2022-07-26 18:03:41,29.5833,-9.5,95.0,19,0,8.95
649,Samarinda,ID,2022-07-26 18:00:18,-0.5,117.15,73.71,99,100,2.15
650,Andilamena,MG,2022-07-26 18:03:42,-17.0167,48.5833,56.23,95,66,5.32
651,Rayachoti,IN,2022-07-26 18:03:42,14.05,78.75,77.34,76,90,7.11
652,Horodkivka,UA,2022-07-26 18:03:43,49.9068,28.9847,68.43,59,24,4.88
653,Upata,VE,2022-07-26 18:03:43,8.0086,-62.3989,84.31,59,100,5.3
654,Maniitsoq,GL,2022-07-26 18:03:44,65.4167,-52.9,40.06,95,100,8.95
655,Bukama,CD,2022-07-26 18:01:42,-9.2,25.85,77.36,32,37,4.52
656,Great Yarmouth,GB,2022-07-26 18:03:38,52.6083,1.7305,64.08,70,100,8.03
657,Beloha,MG,2022-07-26 18:03:45,-25.1667,45.05,61.86,73,1,3.85
658,Collierville,US,2022-07-26 18:03:46,35.042,-89.6645,95.76,56,20,12.66
659,Poum,NC,2022-07-26 18:03:47,-20.2333,164.0167,72.72,75,34,10.07
660,Guisguis,PH,2022-07-26 18:03:48,13.8714,121.5192,78.06,89,94,3.69
661,Abomsa,ET,2022-07-26 18:03:50,9.9833,39.9833,73.49,67,96,7.9
662,Osorno,CL,2022-07-26 18:03:50,-40.5667,-73.15,53.58,88,50,6.8
663,Cobija,BO,2022-07-26 18:03:51,-11.0267,-68.7692,96.21,29,63,2.91
664,Kununurra,AU,2022-07-26 18:03:52,-15.7667,128.7333,75.18,31,83,14.97
665,Jalu,LY,2022-07-26 18:03:52,29.0331,21.5482,93.58,17,2,6.04
666,Naya Bazar,IN,2022-07-26 18:03:53,27.1333,88.2667,74.82,96,90,1.14
667,Madison,US,2022-07-26 17:59:10,34.7334,-86.5667,92.1,64,40,9.22
668,Flin Flon,CA,2022-07-26 18:03:54,54.7682,-101.865,60.64,88,75,9.22
669,Masterton,NZ,2022-07-26 18:03:56,-40.9597,175.6575,52.88,99,100,3.18
670,Longkou,CN,2022-07-26 18:03:56,37.6508,120.3286,74.46,85,77,4.32
671,Myitkyina,MM,2022-07-26 18:03:57,25.3833,97.4,74.1,99,37,0.98
672,Kaoma,ZM,2022-07-26 18:03:58,-14.7833,24.8,59.63,37,0,6.64
673,Taywarah,AF,2022-07-26 18:03:58,33.35,64.4167,71.13,37,76,1.32
674,Garissa,KE,2022-07-26 18:04:00,-0.4536,39.6401,76.69,58,70,23.82
675,Matveyevka,RU,2022-07-26 18:04:01,52.15,56.1833,63.88,92,99,1.28
676,Qaqortoq,GL,2022-07-26 18:04:01,60.7167,-46.0333,47.46,84,93,4.88
677,Baruun-Urt,MN,2022-07-26 18:04:02,46.6806,113.2792,57.72,82,2,4.81
678,Merrill,US,2022-07-26 18:04:03,45.1805,-89.6835,78.57,53,0,9.22
679,Virginia Beach,US,2022-07-26 18:01:57,36.8529,-75.978,92.01,69,75,13.8
680,Ulladulla,AU,2022-07-26 18:04:04,-35.35,150.4667,46.27,76,8,9.08
681,Barmer,IN,2022-07-26 18:04:05,25.75,71.3833,79.21,82,99,11.14
682,Dayong,CN,2022-07-26 18:04:05,25.0209,118.2898,77.49,93,32,0.56
683,Qazvin,IR,2022-07-26 18:04:06,36.2797,50.0049,72.77,55,0,11.27
684,Quang Ngai,VN,2022-07-26 18:04:07,15.1167,108.8,75.99,86,73,4.25
685,Maceio,BR,2022-07-26 18:04:08,-9.6658,-35.7353,78.24,78,75,11.5
686,Broken Hill,AU,2022-07-26 18:04:08,-31.95,141.4333,42.82,83,0,6.67
687,Gamba,GA,2022-07-26 18:04:09,-2.65,10.0,71.55,83,70,8.61
688,Tessalit,ML,2022-07-26 18:04:10,20.1986,1.0114,105.21,7,6,2.35
689,Aksay,RU,2022-07-26 18:04:11,47.26,39.87,73.62,75,54,7.11
690,Alugan,PH,2022-07-26 18:04:11,12.2188,125.4808,77.97,89,93,5.17
691,Kerema,PG,2022-07-26 18:04:12,-7.9631,145.7785,76.95,91,100,8.08
692,Ambunti,PG,2022-07-26 18:04:13,-4.2365,142.8448,72.91,99,84,1.16
693,Alcudia,ES,2022-07-26 18:04:13,39.8532,3.1214,85.95,66,0,11.21
694,Bangolo,CI,2022-07-26 18:04:16,7.0069,-7.475,73.76,93,99,1.21
695,Buncrana,IE,2022-07-26 18:04:17,55.1333,-7.45,60.57,70,63,8.9
696,Kem,RU,2022-07-26 18:04:17,64.9555,34.5793,64.81,71,88,6.96
697,Wuan,CN,2022-07-26 18:04:18,31.6836,112.0044,77.56,97,74,3.91
698,Pontal Do Parana,BR,2022-07-26 18:04:19,-25.6533,-48.5128,72.99,72,60,4.94
699,Komagane,JP,2022-07-26 18:04:20,35.7296,137.9396,72.12,98,100,3.74
700,Dunmore Town,BS,2022-07-26 18:04:21,25.5,-76.65,83.35,80,97,19.73
701,Chicama,PE,2022-07-26 18:01:14,-7.8447,-79.1469,71.06,64,97,8.5
702,Kaspiysk,RU,2022-07-26 18:04:22,42.8816,47.6392,75.38,78,1,8.99
703,Khor,RU,2022-07-26 18:04:23,47.8861,134.9464,66.04,94,68,2.55
704,Wilmington,US,2022-07-26 18:02:32,34.2257,-77.9447,92.89,62,0,13.8
705,Ryotsu,JP,2022-07-26 18:04:24,38.0833,138.4333,75.69,86,1,1.39
706,Imelda,PH,2022-07-26 18:04:25,7.65,123.95,78.26,89,95,3.22
707,Yarada,IN,2022-07-26 18:04:25,17.65,83.2667,79.12,100,40,2.3
708,Dixon,US,2022-07-26 18:04:26,38.4455,-121.8233,83.89,49,0,3.44
