City_ID,City,Country,Date,Lat,Lng,Max Temp,Humidity,Cloudiness,Wind Speed,Current Description
0,Lugovoy,KZ,2022-07-26 20:28:33,42.9472,72.7644,78.87,26,5,4.5,clear sky
1,Hailar,CN,2022-07-26 20:28:33,49.2,119.7,62.71,92,0,8.19,clear sky
2,Mokhsogollokh,RU,2022-07-26 20:28:34,61.4681,128.9203,59.63,79,69,1.45,broken clouds
3,Camacha,PT,2022-07-26 20:28:34,33.0833,-16.3333,67.42,88,40,14.97,scattered clouds
4,Iraray,PH,2022-07-26 20:28:35,8.9936,118.0511,79.2,83,33,5.77,scattered clouds
5,Tuktoyaktuk,CA,2022-07-26 20:28:36,69.4541,-133.0374,62.6,67,100,23.02,overcast clouds
6,Ahuimanu,US,2022-07-26 20:28:37,21.4447,-157.8378,80.31,74,75,16.11,broken clouds
7,Saldanha,ZA,2022-07-26 20:28:37,-33.0117,17.9442,55.45,88,21,4.74,few clouds
8,New Norfolk,AU,2022-07-26 20:28:38,-42.7826,147.0587,44.1,86,94,2.86,overcast clouds
9,Hambantota,LK,2022-07-26 20:28:39,6.1241,81.1185,78.55,84,95,2.42,overcast clouds
10,Vaini,TO,2022-07-26 20:27:36,-21.2,-175.2,73.94,68,100,12.03,overcast clouds
11,Hithadhoo,MV,2022-07-26 20:28:40,-0.6,73.0833,81.01,76,100,13.29,light rain
12,Jamestown,US,2022-07-26 20:24:09,42.097,-79.2353,79.52,54,100,11.01,overcast clouds
13,Vila Franca Do Campo,PT,2022-07-26 20:28:42,37.7167,-25.4333,79.2,83,41,5.73,scattered clouds
14,Puerto Escondido,MX,2022-07-26 20:28:42,15.85,-97.0667,88.63,58,40,8.05,scattered clouds
15,Puerto Ayora,EC,2022-07-26 20:28:43,-0.7393,-90.3518,76.96,89,100,8.01,overcast clouds
16,Tutin,RS,2022-07-26 20:28:43,42.9903,20.3314,74.21,45,94,4.25,overcast clouds
17,Celestun,MX,2022-07-26 20:28:44,20.8667,-90.4,85.26,69,36,14.76,scattered clouds
18,Shimoda,JP,2022-07-26 20:28:44,34.6667,138.95,76.1,92,52,6.98,broken clouds
19,Faya,SA,2022-07-26 20:28:45,18.3851,42.4509,68.11,61,100,5.66,overcast clouds
20,Visnes,NO,2022-07-26 20:28:45,59.3556,5.2242,52.21,82,75,16.11,broken clouds
21,Ribeira Grande,PT,2022-07-26 20:28:46,38.5167,-28.7,75.6,83,20,10.36,few clouds
22,Punta Arenas,CL,2022-07-26 20:28:46,-53.15,-70.9167,37.51,65,0,10.36,clear sky
23,Juneau,US,2022-07-26 20:28:47,58.3019,-134.4197,63.84,97,100,0.0,fog
24,Fairview,US,2022-07-26 20:26:39,40.8126,-73.999,83.88,42,0,11.5,clear sky
25,Severo-Kurilsk,RU,2022-07-26 20:28:48,50.6789,156.125,52.79,85,94,5.73,overcast clouds
26,Egvekinot,RU,2022-07-26 20:28:49,66.3167,-179.1667,43.61,60,76,0.29,broken clouds
27,Pevek,RU,2022-07-26 20:28:50,69.7008,170.3133,34.38,82,78,6.04,broken clouds
28,Rikitea,PF,2022-07-26 20:28:50,-23.1203,-134.9692,75.43,75,97,13.15,overcast clouds
29,Cape Town,ZA,2022-07-26 20:25:53,-33.9258,18.4232,56.12,83,75,3.44,broken clouds
30,Srednekolymsk,RU,2022-07-26 20:28:51,67.45,153.6833,42.04,72,88,14.97,overcast clouds
31,Chuy,UY,2022-07-26 20:28:51,-33.6971,-53.4616,62.51,92,88,4.76,overcast clouds
32,Saint-Francois,FR,2022-07-26 20:23:56,46.4154,3.9054,67.44,56,0,9.22,clear sky
33,Tocopilla,CL,2022-07-26 20:28:52,-22.092,-70.1979,64.85,70,29,11.45,scattered clouds
34,Atuona,PF,2022-07-26 20:28:53,-9.8,-139.0333,77.25,76,6,17.63,clear sky
35,Hobart,AU,2022-07-26 20:27:22,-42.8794,147.3294,44.46,87,20,9.22,few clouds
36,Champerico,GT,2022-07-26 20:28:54,14.3,-91.9167,90.14,71,44,6.62,scattered clouds
37,Victoria,HK,2022-07-26 20:27:30,22.2855,114.1577,86.38,77,0,5.99,clear sky
38,Albany,US,2022-07-26 20:24:36,42.6001,-73.9662,78.58,51,100,9.26,overcast clouds
39,Lompoc,US,2022-07-26 20:28:55,34.6391,-120.4579,89.02,64,0,12.66,clear sky
40,Moose Factory,CA,2022-07-26 20:28:56,51.2585,-80.6094,64.4,77,0,14.97,clear sky
41,Launceston,AU,2022-07-26 20:28:56,-41.45,147.1667,40.6,94,100,0.0,overcast clouds
42,Mackenzie,CA,2022-07-26 20:25:07,55.2999,-123.1698,79.02,47,0,4.61,clear sky
43,Tarakan,ID,2022-07-26 20:28:57,3.3,117.6333,78.98,82,100,5.75,overcast clouds
44,Flekkefjord,NO,2022-07-26 20:28:58,58.2971,6.6607,54.05,80,98,20.42,overcast clouds
45,Seoul,KR,2022-07-26 20:28:59,37.5683,126.9778,78.4,89,75,4.61,mist
46,Konza,KE,2022-07-26 20:28:59,-1.7426,37.1294,55.89,76,90,8.41,overcast clouds
47,Ushuaia,AR,2022-07-26 20:26:43,-54.8,-68.3,38.82,64,20,6.91,few clouds
48,Avarua,CK,2022-07-26 20:29:00,-21.2078,-159.775,73.45,64,40,12.66,scattered clouds
49,Mataura,NZ,2022-07-26 20:29:01,-46.1927,168.8643,44.47,97,100,7.47,overcast clouds
50,Islahiye,TR,2022-07-26 20:29:02,37.025,36.6306,74.66,59,0,5.95,clear sky
51,Sibolga,ID,2022-07-26 20:29:02,1.7427,98.7792,75.74,90,100,2.59,light rain
52,Umuarama,BR,2022-07-26 20:26:00,-23.7664,-53.325,81.37,42,0,2.08,clear sky
53,Meulaboh,ID,2022-07-26 20:29:03,4.1363,96.1285,73.9,94,100,5.66,moderate rain
54,Tiksi,RU,2022-07-26 20:29:04,71.6872,128.8694,51.64,81,54,2.33,broken clouds
55,Dikson,RU,2022-07-26 20:29:05,73.5069,80.5464,44.92,92,100,28.81,light rain
56,Haines Junction,CA,2022-07-26 20:29:05,60.7522,-137.5108,67.95,45,48,17.27,scattered clouds
57,Mairana,BO,2022-07-26 20:29:06,-18.1167,-63.9333,69.4,57,36,7.72,scattered clouds
58,Belaya Gora,RU,2022-07-26 20:29:07,68.5333,146.4167,50.31,53,84,13.44,broken clouds
59,Polunochnoye,RU,2022-07-26 20:29:07,60.8697,60.4153,49.77,75,73,4.47,broken clouds
60,Busselton,AU,2022-07-26 20:29:09,-33.65,115.3333,48.96,84,0,7.25,clear sky
61,Margate,GB,2022-07-26 20:29:09,51.3813,1.3862,63.3,71,100,1.99,overcast clouds
62,Taoudenni,ML,2022-07-26 20:29:10,22.6783,-3.9836,105.76,9,94,10.63,overcast clouds
63,Tura,IN,2022-07-26 20:29:11,25.5198,90.2201,72.19,89,42,2.35,scattered clouds
64,Half Moon Bay,US,2022-07-26 20:29:11,37.4636,-122.4286,86.54,65,100,12.66,overcast clouds
65,Waingapu,ID,2022-07-26 20:29:12,-9.6567,120.2641,71.4,80,92,7.81,overcast clouds
66,Ust-Maya,RU,2022-07-26 20:29:13,60.4167,134.5333,58.46,75,9,0.58,clear sky
67,Mar Del Plata,AR,2022-07-26 20:26:31,-38.0023,-57.5575,59.09,97,100,8.05,mist
68,Alta Floresta,BR,2022-07-26 20:29:13,-9.8756,-56.0861,94.82,26,40,8.05,scattered clouds
69,Abatskoye,RU,2022-07-26 20:29:14,56.2875,70.4555,64.6,94,100,10.02,overcast clouds
70,Sinnamary,GF,2022-07-26 20:29:15,5.3833,-52.95,82.53,74,49,7.49,scattered clouds
71,Port Elizabeth,ZA,2022-07-26 20:28:56,-33.918,25.5701,60.31,79,0,5.75,clear sky
72,Neyshabur,IR,2022-07-26 20:29:16,36.2133,58.7958,81.84,30,7,6.22,clear sky
73,Del Rio,US,2022-07-26 20:29:10,29.3627,-100.8968,100.51,28,0,13.8,clear sky
74,Praia,CV,2022-07-26 20:29:17,14.9215,-23.5087,81.14,74,75,4.61,broken clouds
75,Linxia,CN,2022-07-26 20:29:18,35.6003,103.2064,60.03,82,100,4.79,overcast clouds
76,Hilo,US,2022-07-26 20:29:03,19.7297,-155.09,86.29,96,75,9.22,moderate rain
77,Pangnirtung,CA,2022-07-26 20:29:19,66.1451,-65.7125,44.6,87,75,6.91,broken clouds
78,Sorland,NO,2022-07-26 20:29:06,67.667,12.6934,53.46,91,100,30.22,light rain
79,Nikolskoye,RU,2022-07-26 20:29:20,59.7035,30.7861,72.88,78,89,6.08,overcast clouds
80,Hermanus,ZA,2022-07-26 20:29:21,-34.4187,19.2345,47.8,88,99,7.31,overcast clouds
81,Bluff,NZ,2022-07-26 20:29:21,-46.6,168.3333,44.8,89,100,22.75,overcast clouds
82,Vagur,FO,2022-07-26 20:29:22,61.4732,-6.8119,52.66,78,98,11.99,overcast clouds
83,Hofn,IS,2022-07-26 20:29:23,64.2539,-15.2082,50.25,89,99,2.91,overcast clouds
84,Hasaki,JP,2022-07-26 20:29:23,35.7333,140.8333,77.4,90,100,16.04,overcast clouds
85,Thompson,CA,2022-07-26 20:27:48,55.7435,-97.8558,59.16,88,75,8.05,broken clouds
86,Kattivakkam,IN,2022-07-26 20:29:24,13.2167,80.3167,84.07,80,20,6.89,few clouds
87,Dabat,ET,2022-07-26 20:29:25,12.9842,37.765,53.58,93,100,2.57,light rain
88,Gubkinskiy,RU,2022-07-26 20:29:25,64.434,76.5026,56.05,74,9,14.92,clear sky
89,Tasiilaq,GL,2022-07-26 20:29:26,65.6145,-37.6368,41.16,93,100,1.63,overcast clouds
90,Sitka,US,2022-07-26 20:29:26,57.0531,-135.33,58.89,88,100,0.0,overcast clouds
91,Kapaa,US,2022-07-26 20:26:54,22.0752,-159.319,82.72,70,20,18.41,few clouds
92,Dickinson,US,2022-07-26 20:29:27,29.4608,-95.0513,98.15,59,75,11.5,broken clouds
93,Kodiak,US,2022-07-26 20:27:48,57.79,-152.4072,54.91,62,0,0.0,clear sky
94,Nouadhibou,MR,2022-07-26 20:27:49,20.931,-17.0347,82.38,78,41,12.66,scattered clouds
95,Longyearbyen,SJ,2022-07-26 20:29:28,78.2186,15.6401,48.04,81,75,5.75,broken clouds
96,Bukachacha,RU,2022-07-26 20:29:28,52.9833,116.9167,61.54,99,100,4.5,moderate rain
97,Yellowknife,CA,2022-07-26 20:29:29,62.456,-114.3525,72.12,46,20,6.91,few clouds
98,Kokkola,FI,2022-07-26 20:29:30,63.8385,23.1307,63.93,94,0,9.22,clear sky
99,Clyde River,CA,2022-07-26 20:29:30,70.4692,-68.5914,39.43,100,75,8.05,light rain
100,Zvenigovo,RU,2022-07-26 20:29:31,55.9742,48.0181,65.35,96,54,6.53,broken clouds
101,Kruisfontein,ZA,2022-07-26 20:29:32,-34.0033,24.7314,54.88,50,13,6.96,few clouds
102,Mehamn,NO,2022-07-26 20:29:32,71.0357,27.8492,58.91,90,100,5.55,overcast clouds
103,Padang,ID,2022-07-26 20:29:33,-0.9492,100.3543,76.03,86,91,3.27,overcast clouds
104,Puerto Baquerizo Moreno,EC,2022-07-26 20:29:33,-0.9,-89.6,74.39,73,40,6.91,scattered clouds
105,Taruma,BR,2022-07-26 20:29:34,-22.7467,-50.5772,82.65,32,0,3.44,clear sky
106,Fort Saint James,CA,2022-07-26 20:29:35,54.4333,-124.25,85.64,36,7,1.12,clear sky
107,Oranjemund,NA,2022-07-26 20:29:36,-28.55,16.4333,55.58,84,78,3.11,broken clouds
108,Vardo,NO,2022-07-26 20:29:36,70.3705,31.1107,57.18,94,100,8.05,overcast clouds
109,Bathsheba,BB,2022-07-26 20:29:37,13.2167,-59.5167,86.61,77,20,19.57,few clouds
110,Fukue,JP,2022-07-26 20:29:37,32.6881,128.8419,78.42,77,0,5.21,clear sky
111,Burnie,AU,2022-07-26 20:29:38,-41.0667,145.9167,47.91,73,6,10.65,clear sky
112,Moroni,KM,2022-07-26 20:29:38,-11.7022,43.2551,74.35,78,4,11.9,clear sky
113,Gbadolite,CD,2022-07-26 20:29:39,4.2833,21.0167,71.8,97,100,2.91,moderate rain
114,Saint Anthony,US,2022-07-26 20:28:58,45.0205,-93.218,79.25,76,100,6.91,heavy intensity rain
115,College,US,2022-07-26 20:24:45,64.8569,-147.8028,57.99,54,75,14.97,broken clouds
116,Tautira,PF,2022-07-26 20:29:40,-17.7333,-149.15,74.21,88,100,12.93,light rain
117,Bambous Virieux,MU,2022-07-26 20:29:42,-20.3428,57.7575,69.22,88,40,6.91,light rain
118,Lasa,IT,2022-07-26 20:29:42,46.6166,10.7002,68.88,90,58,3.71,broken clouds
119,Yaan,NG,2022-07-26 20:29:43,7.3833,8.5667,73.13,94,42,7.58,scattered clouds
120,Uchiza,PE,2022-07-26 20:29:43,-8.4592,-76.4633,79.65,73,54,2.44,broken clouds
121,Arraial Do Cabo,BR,2022-07-26 20:27:29,-22.9661,-42.0278,73.36,78,0,14.97,clear sky
122,Iwanai,JP,2022-07-26 20:29:44,42.9744,140.5089,66.97,96,100,2.28,overcast clouds
123,Salalah,OM,2022-07-26 20:29:45,17.0151,54.0924,75.29,100,100,6.91,light intensity drizzle
124,Luderitz,NA,2022-07-26 20:28:28,-26.6481,15.1594,55.99,81,40,3.94,scattered clouds
125,Huarmey,PE,2022-07-26 20:29:46,-10.0681,-78.1522,67.68,72,60,12.46,broken clouds
126,Kungurtug,RU,2022-07-26 20:29:47,50.5994,97.5228,43.38,77,100,1.5,overcast clouds
127,Dingle,PH,2022-07-26 20:29:48,10.9995,122.6711,76.35,92,57,4.32,broken clouds
128,Khatanga,RU,2022-07-26 20:29:48,71.9667,102.5,66.04,56,74,8.93,broken clouds
129,Poum,NC,2022-07-26 20:29:49,-20.2333,164.0167,72.73,75,2,10.04,clear sky
130,Severomuysk,RU,2022-07-26 20:29:50,56.1481,113.4267,55.53,89,100,3.62,light rain
131,Beloha,MG,2022-07-26 20:29:50,-25.1667,45.05,60.55,79,0,2.62,clear sky
132,Klaksvik,FO,2022-07-26 20:29:51,62.2266,-6.589,52.72,75,88,8.99,overcast clouds
133,Paris,FR,2022-07-26 20:26:45,48.8534,2.3488,69.37,60,0,9.22,clear sky
134,Liwale,TZ,2022-07-26 20:29:52,-9.7667,37.9333,64.63,61,59,2.86,broken clouds
135,Cherskiy,RU,2022-07-26 20:29:53,68.75,161.3,44.42,62,5,11.14,clear sky
136,Coihaique,CL,2022-07-26 20:29:53,-45.5752,-72.0662,35.55,75,100,4.61,overcast clouds
137,Saint George,US,2022-07-26 20:29:54,37.1041,-113.5841,91.44,42,0,8.05,clear sky
138,Tual,ID,2022-07-26 20:29:54,-5.6667,132.75,78.94,81,44,23.15,scattered clouds
139,Vila Velha,BR,2022-07-26 20:29:55,-20.3297,-40.2925,75.15,82,20,6.91,few clouds
140,Nome,US,2022-07-26 20:29:56,64.5011,-165.4064,45.16,76,100,24.16,overcast clouds
141,Umm Lajj,SA,2022-07-26 20:29:56,25.0213,37.2685,86.09,69,10,6.73,clear sky
142,General Roca,AR,2022-07-26 20:29:57,-39.0333,-67.5833,45.7,95,100,11.92,overcast clouds
143,Jalu,LY,2022-07-26 20:29:58,29.0331,21.5482,87.49,32,5,15.46,clear sky
144,Tuatapere,NZ,2022-07-26 20:29:59,-46.1333,167.6833,44.33,95,100,9.01,overcast clouds
145,Mazyr,BY,2022-07-26 20:29:59,52.0495,29.2456,65.75,65,86,4.61,overcast clouds
146,Suntar,RU,2022-07-26 20:30:00,62.1444,117.6319,68.54,86,1,4.7,clear sky
147,Adre,TD,2022-07-26 20:30:01,13.4667,22.2,75.72,68,87,5.7,light rain
148,Butaritari,KI,2022-07-26 20:30:01,3.0707,172.7902,82.18,74,11,19.37,few clouds
149,Amapa,BR,2022-07-26 20:30:02,1.0,-52.0,75.06,96,84,3.06,broken clouds
150,Pangai,TO,2022-07-26 20:30:03,-19.8,-174.35,75.9,65,99,14.47,overcast clouds
151,Lavrentiya,RU,2022-07-26 20:30:04,65.5833,-171.0,39.24,88,100,13.82,overcast clouds
152,Colares,PT,2022-07-26 20:30:05,38.7992,-9.4469,73.08,72,20,23.0,few clouds
153,Faanui,PF,2022-07-26 20:30:05,-16.4833,-151.75,77.58,74,64,10.25,broken clouds
154,Deputatskiy,RU,2022-07-26 20:30:06,69.3,139.9,53.11,65,55,4.18,broken clouds
155,Bethel,US,2022-07-26 20:27:26,41.3712,-73.414,83.66,50,0,11.5,clear sky
156,Aykhal,RU,2022-07-26 20:30:07,66.0,111.5,67.71,73,96,8.41,overcast clouds
157,San Patricio,US,2022-07-26 20:30:08,28.017,-97.5169,97.52,39,37,15.46,scattered clouds
158,Ozark,US,2022-07-26 20:30:09,37.0209,-93.206,104.81,32,90,0.74,light rain
159,Mahebourg,MU,2022-07-26 20:30:11,-20.4081,57.7,69.26,88,40,6.91,scattered clouds
160,Barrow,US,2022-07-26 20:27:37,71.2906,-156.7887,35.62,93,100,17.27,moderate rain
161,Qaanaaq,GL,2022-07-26 20:30:12,77.484,-69.3632,44.02,64,23,4.25,few clouds
162,Jardim,BR,2022-07-26 20:30:12,-21.4803,-56.1381,84.65,26,0,3.87,clear sky
163,Altay,CN,2022-07-26 20:30:13,47.8667,88.1167,59.94,46,0,4.05,clear sky
164,Medicine Hat,CA,2022-07-26 20:30:14,50.0501,-110.6683,78.22,46,75,4.61,broken clouds
165,Muros,ES,2022-07-26 20:30:15,42.7762,-9.0603,69.67,69,5,14.32,clear sky
166,La Ronge,CA,2022-07-26 20:30:15,55.1001,-105.2842,68.22,64,75,13.8,broken clouds
167,Kambove,CD,2022-07-26 20:30:16,-10.8764,26.5969,59.52,49,8,4.99,clear sky
168,Yar-Sale,RU,2022-07-26 20:30:16,66.8333,70.8333,48.15,89,100,8.28,overcast clouds
169,Port Alfred,ZA,2022-07-26 20:30:17,-33.5906,26.891,65.62,48,16,5.77,few clouds
170,Cayenne,GF,2022-07-26 20:25:36,4.9333,-52.3333,85.08,22,100,5.75,overcast clouds
171,Iqaluit,CA,2022-07-26 20:28:22,63.7506,-68.5145,51.53,71,20,6.91,few clouds
172,Isla Vista,US,2022-07-26 20:30:18,34.4133,-119.861,89.26,37,2,7.38,clear sky
173,Zafra,ES,2022-07-26 20:30:19,38.4167,-6.4167,77.05,36,0,15.05,clear sky
174,Ahipara,NZ,2022-07-26 20:30:19,-35.1667,173.1667,56.52,75,98,15.32,overcast clouds
175,Zhicheng,CN,2022-07-26 20:30:20,30.2956,111.5047,79.63,95,100,3.83,overcast clouds
176,Abu Samrah,SY,2022-07-26 20:30:20,35.3029,37.1841,78.82,42,0,7.49,clear sky
177,Balabac,PH,2022-07-26 20:30:21,7.9868,117.0645,80.64,79,95,6.67,overcast clouds
178,Georgetown,MY,2022-07-26 20:28:12,5.4112,100.3354,81.95,90,20,2.3,thunderstorm
179,Makakilo City,US,2022-07-26 20:30:21,21.3469,-158.0858,79.12,68,75,14.97,broken clouds
180,Bayan,CN,2022-07-26 20:30:22,46.0833,127.4,70.56,97,16,4.23,few clouds
181,Catamarca,AR,2022-07-26 20:30:23,-28.4696,-65.7852,79.77,51,55,1.01,broken clouds
182,Bilma,NE,2022-07-26 20:30:24,18.6853,12.9164,93.2,11,32,7.61,scattered clouds
183,Balkanabat,TM,2022-07-26 20:30:24,39.5108,54.3671,87.48,39,5,4.88,clear sky
184,Livingston,GB,2022-07-26 20:30:25,55.9029,-3.5226,60.28,63,0,4.61,clear sky
185,Jinhua,CN,2022-07-26 20:30:25,29.1078,119.6547,75.45,81,17,2.01,few clouds
186,Lata,PT,2022-07-26 20:30:27,40.1629,-8.3327,58.55,86,0,3.36,clear sky
187,Norman Wells,CA,2022-07-26 20:30:28,65.282,-126.8329,82.44,32,75,6.91,broken clouds
188,Lebu,CL,2022-07-26 20:27:13,-37.6167,-73.65,53.87,77,3,17.47,clear sky
189,Kavieng,PG,2022-07-26 20:30:28,-2.5744,150.7967,82.45,71,96,12.59,overcast clouds
190,Katsuura,JP,2022-07-26 20:30:29,35.1333,140.3,79.65,90,80,13.35,broken clouds
191,Yulara,AU,2022-07-26 20:29:22,-25.2406,130.9889,42.35,59,0,9.15,clear sky
192,Llanes,ES,2022-07-26 20:30:30,43.4198,-4.7549,65.64,78,48,0.94,scattered clouds
193,Lazaro Cardenas,MX,2022-07-26 20:30:30,17.9583,-102.2,86.49,61,54,8.97,broken clouds
194,Nieuw Amsterdam,SR,2022-07-26 20:30:31,5.8833,-55.0833,87.96,62,40,11.5,scattered clouds
195,Talnakh,RU,2022-07-26 20:30:32,69.4865,88.3972,52.21,72,11,4.83,few clouds
196,Auki,SB,2022-07-26 20:30:33,-8.7676,160.7034,79.16,78,34,3.06,scattered clouds
197,Los Llanos De Aridane,ES,2022-07-26 20:30:34,28.6585,-17.9182,80.35,39,0,14.97,clear sky
198,Nakhon Phanom,TH,2022-07-26 20:30:35,17.3333,104.4167,77.95,84,6,2.24,clear sky
199,Kibala,TD,2022-07-26 20:30:35,9.1104,18.3463,75.15,100,40,3.44,thunderstorm
200,Kousseri,CM,2022-07-26 20:30:36,12.0769,15.0306,79.23,68,75,7.99,light rain
201,Arman,RU,2022-07-26 20:30:36,59.7,150.1667,59.88,79,100,2.39,overcast clouds
202,Alofi,NU,2022-07-26 20:29:03,-19.0595,-169.9187,75.09,69,40,9.22,scattered clouds
203,Wanning,CN,2022-07-26 20:30:37,18.8003,110.3967,79.12,88,21,4.72,few clouds
204,Bengkulu,ID,2022-07-26 20:30:38,-3.8004,102.2655,75.36,88,100,3.6,overcast clouds
205,Kizilskoye,RU,2022-07-26 20:30:39,52.7255,58.8937,62.08,87,100,12.88,light rain
206,Aksu,CN,2022-07-26 20:30:39,41.1231,80.2644,83.8,24,4,1.77,clear sky
207,Okakarara,NA,2022-07-26 20:30:40,-20.5833,17.4333,61.66,33,38,6.02,scattered clouds
208,Provideniya,RU,2022-07-26 20:30:41,64.3833,-173.3,48.36,71,0,8.99,clear sky
209,Skjervoy,NO,2022-07-26 20:30:41,70.0311,20.9714,57.2,98,100,3.27,light rain
210,Watertown,US,2022-07-26 20:30:00,42.3709,-71.1828,82.35,48,20,12.66,few clouds
211,Sinyavino,RU,2022-07-26 20:30:42,59.9078,31.0711,68.05,1,95,6.69,overcast clouds
212,Cabo San Lucas,MX,2022-07-26 20:28:59,22.8909,-109.9124,94.6,55,20,11.5,few clouds
213,Ponta Do Sol,PT,2022-07-26 20:30:43,32.6667,-17.1,79.43,57,4,6.93,clear sky
214,Manaquiri,BR,2022-07-26 20:30:44,-3.3167,-60.35,91.85,48,29,3.09,scattered clouds
215,Geraldton,AU,2022-07-26 20:30:44,-28.7667,114.6,43.21,87,0,10.36,clear sky
216,Saint-Philippe,RE,2022-07-26 20:30:45,-21.3585,55.7679,65.79,84,20,9.66,light rain
217,San Ignacio,BZ,2022-07-26 20:27:54,17.1561,-89.0714,82.54,69,75,13.8,broken clouds
218,Roswell,US,2022-07-26 20:30:45,34.0232,-84.3616,91.98,62,20,8.05,few clouds
219,Domoni,KM,2022-07-26 20:30:46,-12.2569,44.5319,74.12,76,6,7.36,clear sky
220,Kholodnyy,RU,2022-07-26 20:30:47,62.7167,147.95,56.07,93,97,3.67,moderate rain
221,Imbituba,BR,2022-07-26 20:30:48,-28.24,-48.6703,67.08,92,0,5.99,clear sky
222,Mount Gambier,AU,2022-07-26 20:30:48,-37.8333,140.7667,49.91,100,75,11.5,broken clouds
223,Garca,BR,2022-07-26 20:28:02,-22.2106,-49.6561,81.5,28,0,1.88,clear sky
224,Evanston,US,2022-07-26 20:30:29,42.0411,-87.6901,83.71,56,75,8.05,broken clouds
225,Najran,SA,2022-07-26 20:30:50,17.4924,44.1277,84.85,38,92,4.09,overcast clouds
226,Comodoro Rivadavia,AR,2022-07-26 20:30:50,-45.8667,-67.5,37.26,87,75,5.75,light rain
227,Hay River,CA,2022-07-26 20:25:52,60.8156,-115.7999,71.56,52,40,16.11,scattered clouds
228,Jiayuguan,CN,2022-07-26 20:30:51,39.8167,98.3,73.53,18,8,14.54,clear sky
229,Castro,BR,2022-07-26 20:30:52,-24.7911,-50.0119,61.75,69,0,3.67,clear sky
230,Senneterre,CA,2022-07-26 20:30:52,48.3835,-77.2328,74.52,44,23,11.23,few clouds
231,Esperance,AU,2022-07-26 20:27:35,-33.8667,121.9,56.8,82,100,6.91,overcast clouds
232,Te Anau,NZ,2022-07-26 20:30:54,-45.4167,167.7167,42.04,98,100,2.86,overcast clouds
233,Sao Filipe,CV,2022-07-26 20:30:54,14.8961,-24.4956,77.81,82,88,2.86,overcast clouds
234,Coquimbo,CL,2022-07-26 20:30:33,-29.9533,-71.3436,58.73,77,0,10.36,clear sky
235,Shihezi,CN,2022-07-26 20:30:55,44.3,86.0333,77.65,21,10,1.74,clear sky
236,Mendi,PG,2022-07-26 20:30:56,-6.1761,143.6513,54.57,98,94,1.81,overcast clouds
237,Namibe,AO,2022-07-26 20:30:56,-15.1961,12.1522,63.9,79,81,2.93,broken clouds
238,Bredasdorp,ZA,2022-07-26 20:30:57,-34.5322,20.0403,50.79,93,99,5.84,overcast clouds
239,Verkhoyansk,RU,2022-07-26 20:30:58,67.5447,133.385,71.53,57,69,2.66,broken clouds
240,Cap Malheureux,MU,2022-07-26 20:28:43,-19.9842,57.6142,69.48,74,0,3.0,clear sky
241,Kropotkin,RU,2022-07-26 20:30:59,45.4375,40.5756,64.89,85,69,6.2,light rain
242,Husavik,IS,2022-07-26 20:30:59,66.0449,-17.3389,54.0,77,98,4.61,overcast clouds
243,Saskylakh,RU,2022-07-26 20:30:55,71.9167,114.0833,67.87,80,33,5.37,scattered clouds
244,San Cristobal,VE,2022-07-26 20:31:01,7.7669,-72.225,78.98,62,36,5.01,scattered clouds
245,Mineral Wells,US,2022-07-26 20:27:54,32.8085,-98.1128,106.34,21,0,11.5,clear sky
246,Chokurdakh,RU,2022-07-26 20:28:40,70.6333,147.9167,45.75,62,99,12.08,overcast clouds
247,Ankazoabo,MG,2022-07-26 20:31:02,-22.2833,44.5167,59.86,69,0,11.59,clear sky
248,Alpena,US,2022-07-26 20:31:03,45.0617,-83.4327,77.32,59,100,3.44,overcast clouds
249,Carnarvon,AU,2022-07-26 20:30:40,-24.8667,113.6333,62.2,46,0,9.1,clear sky
250,San Felipe,VE,2022-07-26 20:31:04,10.3399,-68.7425,79.99,84,67,2.91,broken clouds
251,Acandi,CO,2022-07-26 20:31:05,8.5063,-77.2778,82.4,77,98,4.97,overcast clouds
252,Vao,NC,2022-07-26 20:31:05,-22.6667,167.4833,67.84,63,0,7.76,clear sky
253,Tazovskiy,RU,2022-07-26 20:31:06,67.4667,78.7,48.72,78,96,4.68,overcast clouds
254,Miri,MY,2022-07-26 20:31:07,4.4148,114.0089,75.34,100,40,3.44,light rain
255,Vestmannaeyjar,IS,2022-07-26 20:31:08,63.4427,-20.2734,53.02,96,100,18.25,overcast clouds
256,Purpe,RU,2022-07-26 20:31:09,64.4803,76.6897,55.38,74,11,15.73,few clouds
257,Codrington,AU,2022-07-26 20:31:10,-38.2667,141.9667,51.71,94,78,9.28,broken clouds
258,Ponta Delgada,PT,2022-07-26 20:31:10,37.7333,-25.6667,79.5,88,75,6.91,light rain
259,Polyarnyy,RU,2022-07-26 20:31:11,69.1989,33.4478,58.55,97,100,12.01,overcast clouds
260,Nerchinskiy Zavod,RU,2022-07-26 20:31:12,51.3088,119.61,61.63,97,99,3.49,overcast clouds
261,Salta,AR,2022-07-26 20:30:33,-24.7859,-65.4117,81.19,53,75,9.22,broken clouds
262,Nishihara,JP,2022-07-26 20:27:35,26.1842,127.7558,78.08,94,72,4.61,broken clouds
263,Dagana,MR,2022-07-26 20:31:13,16.5165,-15.5068,91.99,49,27,13.31,scattered clouds
264,Saint-Paul-Les-Dax,FR,2022-07-26 20:31:14,43.7272,-1.0516,70.32,69,1,3.44,clear sky
265,Broken Hill,AU,2022-07-26 20:31:15,-31.95,141.4333,41.49,87,1,5.26,clear sky
266,Kempele,FI,2022-07-26 20:31:16,64.9131,25.5034,64.42,94,75,10.36,broken clouds
267,Warwick,US,2022-07-26 20:31:16,41.7001,-71.4162,83.77,52,75,12.66,broken clouds
268,Pitimbu,BR,2022-07-26 20:31:16,-7.4706,-34.8086,77.59,82,91,12.62,overcast clouds
269,Dakar,SN,2022-07-26 20:31:19,14.6937,-17.4441,82.53,78,40,16.11,scattered clouds
270,Westport,US,2022-07-26 20:29:13,41.1415,-73.3579,84.31,59,0,13.8,clear sky
271,Hobyo,SO,2022-07-26 20:31:19,5.3505,48.5268,75.92,84,20,24.9,few clouds
272,Nadym,RU,2022-07-26 20:31:20,65.5333,72.5167,46.54,91,55,9.95,broken clouds
273,Bereda,ES,2022-07-26 20:31:21,43.2686,-7.5406,61.57,90,79,6.26,broken clouds
274,Kavaratti,IN,2022-07-26 20:31:22,10.5669,72.642,81.18,76,100,16.22,overcast clouds
275,Bratsk,RU,2022-07-26 20:31:22,56.1325,101.6142,52.29,94,100,3.69,overcast clouds
276,Kahului,US,2022-07-26 20:31:23,20.8947,-156.47,86.02,64,20,20.71,few clouds
277,Kudahuvadhoo,MV,2022-07-26 20:31:23,2.6708,72.8944,82.09,77,34,18.77,scattered clouds
278,Ushtobe,KZ,2022-07-26 20:31:24,45.2514,77.9838,72.57,22,64,7.85,broken clouds
279,Jaru,BR,2022-07-26 20:29:56,-10.4389,-62.4664,97.07,20,56,2.95,broken clouds
280,Sur,OM,2022-07-26 20:31:25,22.5667,59.5289,81.09,79,51,18.1,broken clouds
281,Leshukonskoye,RU,2022-07-26 20:31:25,64.8989,45.7622,60.44,63,100,5.82,overcast clouds
282,Lagoa,PT,2022-07-26 20:31:26,39.05,-27.9833,73.76,87,32,11.63,scattered clouds
283,Pozo Colorado,PY,2022-07-26 20:31:26,-23.4923,-58.7972,90.63,24,2,5.66,clear sky
284,Mashhad,IR,2022-07-26 20:31:27,36.297,59.6062,78.94,47,0,6.91,clear sky
285,Mogok,MM,2022-07-26 20:31:27,22.9167,96.5,66.11,91,59,2.62,broken clouds
286,Itanhem,BR,2022-07-26 20:31:27,-17.1664,-40.33,71.83,67,82,10.36,broken clouds
287,Hue,VN,2022-07-26 20:28:01,16.4667,107.6,78.91,89,40,3.44,scattered clouds
288,Alice Springs,AU,2022-07-26 20:31:06,-23.7,133.8833,31.55,93,0,0.0,clear sky
289,Laguna,US,2022-07-26 20:31:29,38.421,-121.4238,95.02,39,0,8.05,clear sky
290,Nanortalik,GL,2022-07-26 20:31:29,60.1432,-45.2371,44.91,91,77,4.25,broken clouds
291,Paamiut,GL,2022-07-26 20:31:30,61.994,-49.6678,42.8,91,13,19.3,few clouds
292,Suez,EG,2022-07-26 20:31:31,29.9737,32.5263,79.66,47,0,11.07,clear sky
293,Ierapetra,GR,2022-07-26 20:31:33,35.01,25.7353,84.15,40,0,13.0,clear sky
294,Verkhnevilyuysk,RU,2022-07-26 20:31:34,63.4453,120.3167,67.53,84,7,4.92,clear sky
295,Gogrial,SS,2022-07-26 20:31:35,8.5332,28.1004,73.24,92,96,5.97,overcast clouds
296,Puerto Boyaca,CO,2022-07-26 20:31:36,5.9758,-74.5885,86.4,64,67,2.91,broken clouds
297,Olden,NO,2022-07-26 20:31:37,61.8364,6.8064,54.34,98,100,6.22,overcast clouds
298,Union,US,2022-07-26 20:30:50,40.6334,-74.2663,84.56,45,0,8.05,clear sky
299,Taft,IR,2022-07-26 20:31:38,31.7471,54.2088,93.15,23,20,18.41,sand
300,Roald,NO,2022-07-26 20:31:38,62.5833,6.1333,55.17,82,75,8.05,broken clouds
301,Praia Da Vitoria,PT,2022-07-26 20:31:39,38.7333,-27.0667,77.25,83,20,6.15,few clouds
302,Leningradskiy,RU,2022-07-26 20:31:14,69.3833,178.4167,33.93,98,100,8.37,light snow
303,Whitehorse,CA,2022-07-26 20:31:40,60.7161,-135.0538,74.17,43,75,10.36,broken clouds
304,Hami,CN,2022-07-26 20:31:40,42.8,93.45,79.25,16,1,8.48,clear sky
305,Kiama,AU,2022-07-26 20:31:41,-34.6833,150.8667,50.38,68,5,10.0,clear sky
306,East London,ZA,2022-07-26 20:31:42,-33.0153,27.9116,63.7,51,18,7.63,few clouds
307,Pecos,US,2022-07-26 20:27:25,31.4229,-103.4932,99.43,22,40,10.36,scattered clouds
308,Piacabucu,BR,2022-07-26 20:31:43,-10.4056,-36.4344,74.37,80,98,12.71,overcast clouds
309,Turayf,SA,2022-07-26 20:31:44,31.6725,38.6637,82.65,18,0,12.66,clear sky
310,Ca Mau,VN,2022-07-26 20:31:44,9.1769,105.15,77.72,92,100,3.91,moderate rain
311,Les Cayes,HT,2022-07-26 20:31:45,18.2,-73.75,85.37,68,32,11.97,scattered clouds
312,Akyab,MM,2022-07-26 20:31:46,20.15,92.9,81.5,80,12,6.17,few clouds
313,Maningrida,AU,2022-07-26 20:31:47,-12.0667,134.2667,61.34,91,11,10.49,few clouds
314,La Asuncion,VE,2022-07-26 20:31:47,11.0333,-63.8628,89.33,58,81,13.8,broken clouds
315,Iquique,CL,2022-07-26 20:31:41,-20.2208,-70.1431,60.84,76,74,9.04,broken clouds
316,Saint-Joseph,RE,2022-07-26 20:31:48,-21.3667,55.6167,64.78,80,15,8.25,few clouds
317,Kinablangan,PH,2022-07-26 20:31:50,7.6947,126.5503,78.03,82,92,4.05,overcast clouds
318,Zhezkazgan,KZ,2022-07-26 20:31:51,47.8043,67.7144,75.18,48,0,7.63,clear sky
319,Saint-Pierre,RE,2022-07-26 20:31:51,-21.3393,55.4781,66.9,75,0,5.75,clear sky
320,Tokur,RU,2022-07-26 20:31:52,53.1333,132.9,53.64,96,99,1.54,overcast clouds
321,Yangjiang,CN,2022-07-26 20:31:53,21.85,111.9667,80.49,83,2,4.65,clear sky
322,Matara,LK,2022-07-26 20:31:53,5.9485,80.5353,77.07,91,91,4.76,overcast clouds
323,Dudinka,RU,2022-07-26 20:31:54,69.4058,86.1778,52.63,84,65,7.02,broken clouds
324,Port Blair,IN,2022-07-26 20:31:40,11.6667,92.75,80.64,83,40,2.3,mist
325,Kuala Lipis,MY,2022-07-26 20:31:55,4.1842,102.0468,73.85,99,100,1.3,overcast clouds
326,Mayo,US,2022-07-26 20:31:56,38.8876,-76.5119,81.99,75,100,5.99,overcast clouds
327,Ginda,IN,2022-07-26 20:31:56,30.6945,78.4932,65.26,98,100,0.45,overcast clouds
328,Kemijarvi,FI,2022-07-26 20:31:57,66.7131,27.4306,61.95,94,100,12.08,overcast clouds
329,Takoradi,GH,2022-07-26 20:31:57,4.8845,-1.7554,75.38,88,100,9.08,overcast clouds
330,Isangel,VU,2022-07-26 20:31:58,-19.55,169.2667,74.34,86,97,12.15,overcast clouds
331,Qinhuangdao,CN,2022-07-26 20:31:59,39.9317,119.5883,71.67,92,19,6.91,few clouds
332,Esmeralda,CU,2022-07-26 20:31:59,21.8525,-78.1169,85.57,72,86,13.65,overcast clouds
333,Aksarka,RU,2022-07-26 20:31:42,66.5606,67.7975,49.39,89,100,11.45,overcast clouds
334,Boa Vista,BR,2022-07-26 20:32:00,2.8197,-60.6733,85.98,62,40,9.22,heavy intensity rain
335,Saint-Georges,GD,2022-07-26 20:32:02,12.0564,-61.7485,85.68,74,40,16.11,scattered clouds
336,Ndele,CF,2022-07-26 20:32:02,8.4109,20.6473,71.69,96,100,3.8,light rain
337,Zhirnov,RU,2022-07-26 20:32:03,48.1709,41.1261,67.5,83,31,4.03,scattered clouds
338,Diamantino,BR,2022-07-26 20:29:08,-14.4086,-56.4461,95.63,17,6,4.9,clear sky
339,Ossora,RU,2022-07-26 20:32:05,59.2353,163.0719,59.4,77,100,4.52,overcast clouds
340,Sandominic,RO,2022-07-26 20:32:06,46.584,25.7803,62.06,58,0,2.21,clear sky
341,Ballarat,AU,2022-07-26 20:28:03,-37.5662,143.8496,46.69,98,100,8.84,overcast clouds
342,Necochea,AR,2022-07-26 20:32:06,-38.5473,-58.7368,52.12,98,100,7.14,overcast clouds
343,Fairbanks,US,2022-07-26 20:28:46,64.8378,-147.7164,58.01,55,75,14.97,broken clouds
344,Guisa,CU,2022-07-26 20:32:07,20.255,-76.5386,91.24,47,42,5.14,scattered clouds
345,Mosquera,CO,2022-07-26 20:32:08,4.7059,-74.2302,64.49,68,40,6.91,scattered clouds
346,Gorno-Altaysk,RU,2022-07-26 20:32:08,51.9561,85.955,52.2,89,0,4.92,clear sky
347,Kosa,RU,2022-07-26 20:32:09,59.9445,54.9977,50.45,73,26,4.68,scattered clouds
348,Souillac,MU,2022-07-26 20:27:54,-20.5167,57.5167,68.38,88,40,6.91,scattered clouds
349,Portland,US,2022-07-26 20:28:10,45.5234,-122.6762,98.56,39,0,10.36,clear sky
350,Yingcheng,CN,2022-07-26 20:32:11,30.95,113.55,77.76,95,98,5.37,overcast clouds
351,Taltal,CL,2022-07-26 20:32:11,-25.4,-70.4833,61.63,73,31,4.38,scattered clouds
352,Nalut,LY,2022-07-26 20:32:12,30.3333,10.85,86.94,11,0,8.99,clear sky
353,Shingu,JP,2022-07-26 20:29:35,33.7333,135.9833,77.18,94,100,1.66,overcast clouds
354,Nelson Bay,AU,2022-07-26 20:32:13,-32.7167,152.15,51.01,76,3,10.0,clear sky
355,Walvis Bay,NA,2022-07-26 20:32:14,-22.9575,14.5053,54.09,82,0,5.75,clear sky
356,Aloleng,PH,2022-07-26 20:32:14,16.1307,119.7824,80.94,79,100,5.99,overcast clouds
357,Kolvereid,NO,2022-07-26 20:32:15,64.8655,11.6047,52.83,94,100,22.82,moderate rain
358,Hovd,MN,2022-07-26 20:32:16,48.0056,91.6419,58.71,40,5,1.99,clear sky
359,Pauini,BR,2022-07-26 20:32:16,-7.7136,-66.9764,94.64,30,9,3.06,clear sky
360,Kangaba,ML,2022-07-26 20:32:17,11.9333,-8.4167,71.55,80,83,16.2,moderate rain
361,Cidreira,BR,2022-07-26 20:31:17,-30.1811,-50.2056,61.56,92,34,12.53,scattered clouds
362,Rawah,IQ,2022-07-26 20:32:19,34.4816,41.9093,90.48,13,0,10.65,clear sky
363,Maroua,CM,2022-07-26 20:32:19,10.591,14.3159,77.27,69,93,2.13,light rain
364,Simao,CN,2022-07-26 20:32:20,22.7886,100.9748,64.56,89,77,0.54,broken clouds
365,Port Washington,US,2022-07-26 20:32:21,40.8257,-73.6982,84.25,50,75,10.36,broken clouds
366,Marsa Matruh,EG,2022-07-26 20:32:21,31.3525,27.2453,80.8,78,0,9.22,clear sky
367,Nhamunda,BR,2022-07-26 20:32:22,-2.1861,-56.7131,86.63,61,74,3.15,broken clouds
368,Helong,CN,2022-07-26 20:32:22,42.5397,128.9972,68.94,95,3,2.26,clear sky
369,Karachi,PK,2022-07-26 20:28:00,24.9056,67.0822,80.42,89,75,11.5,drizzle
370,Tilichiki,RU,2022-07-26 20:32:24,60.4667,166.1,54.23,71,100,4.54,overcast clouds
371,Okhotsk,RU,2022-07-26 20:32:12,59.3833,143.3,59.99,79,100,3.2,overcast clouds
372,Aklavik,CA,2022-07-26 20:32:25,68.2191,-135.0107,65.44,38,100,16.73,overcast clouds
373,Maun,BW,2022-07-26 20:29:17,-19.9833,23.4167,57.16,54,0,2.3,clear sky
374,Teya,RU,2022-07-26 20:32:26,60.3778,92.6267,56.61,94,100,4.12,light rain
375,Sayyan,YE,2022-07-26 20:32:27,15.1718,44.3244,60.46,72,100,8.61,overcast clouds
376,Torbay,CA,2022-07-26 20:32:28,47.6666,-52.7314,74.17,80,75,23.02,light intensity shower rain
377,Nangong,CN,2022-07-26 20:32:28,37.3581,115.3744,75.45,79,25,3.85,scattered clouds
378,Varhaug,NO,2022-07-26 20:31:15,58.6147,5.6457,51.89,77,69,28.52,broken clouds
379,Marion,US,2022-07-26 20:32:29,39.7684,-86.1555,73.78,82,100,3.44,overcast clouds
380,Ostrovnoy,RU,2022-07-26 20:32:30,68.0531,39.5131,59.68,74,100,17.38,overcast clouds
381,Gus-Zheleznyy,RU,2022-07-26 20:32:31,55.0581,41.1656,67.57,82,49,4.65,scattered clouds
382,Kerman,IR,2022-07-26 20:32:31,30.2832,57.0788,80.46,47,75,6.91,broken clouds
383,Atar,MR,2022-07-26 20:29:41,20.5169,-13.0499,96.15,35,28,3.33,scattered clouds
384,Camopi,GF,2022-07-26 20:32:32,3.1655,-52.3158,74.75,97,99,3.49,overcast clouds
385,Fort Nelson,CA,2022-07-26 20:32:33,58.8053,-122.7002,83.79,39,40,4.61,scattered clouds
386,Sandy Bay,AU,2022-07-26 20:32:33,-42.913,147.3532,44.49,87,20,9.22,few clouds
387,Thinadhoo,MV,2022-07-26 20:32:34,0.5333,72.9333,79.29,84,85,22.39,overcast clouds
388,Ambunti,PG,2022-07-26 20:32:35,-4.2365,142.8448,73.06,98,91,0.98,overcast clouds
389,Upernavik,GL,2022-07-26 20:30:41,72.7868,-56.1549,38.55,89,88,11.34,overcast clouds
390,Biltine,TD,2022-07-26 20:32:36,14.5333,20.9167,88.54,44,100,13.58,overcast clouds
391,Sagaing,MM,2022-07-26 20:32:37,21.8787,95.9797,84.92,65,18,9.44,few clouds
392,Saint-Augustin,CA,2022-07-26 20:32:37,51.226,-58.6502,68.02,63,81,18.1,broken clouds
393,Chulumani,BO,2022-07-26 20:32:38,-16.4096,-67.5263,76.51,51,45,6.04,scattered clouds
394,Varnamo,SE,2022-07-26 20:32:38,57.186,14.04,55.27,83,76,5.01,broken clouds
395,Kirovo-Chepetsk,RU,2022-07-26 20:32:39,58.5539,50.0399,55.85,82,11,5.66,few clouds
396,Safaga,EG,2022-07-26 20:32:40,26.7292,33.9365,87.37,45,0,2.98,clear sky
397,Tuzha,RU,2022-07-26 20:32:41,57.6062,47.936,59.77,82,25,6.24,scattered clouds
398,Rodrigues Alves,BR,2022-07-26 20:32:41,-7.738,-72.6509,79.0,72,100,0.49,overcast clouds
399,Totness,SR,2022-07-26 20:32:42,5.8833,-56.3167,81.46,77,20,7.85,few clouds
400,Labrea,BR,2022-07-26 20:32:42,-7.2586,-64.7981,94.84,32,4,0.65,clear sky
401,Ashland,US,2022-07-26 20:28:21,40.8167,-82.2665,78.89,60,100,4.81,overcast clouds
402,Aitape,PG,2022-07-26 20:32:43,-3.1374,142.3475,77.27,86,78,5.77,broken clouds
403,Praxedis Guerrero,MX,2022-07-26 20:32:44,31.3667,-106.0167,89.06,27,0,3.2,clear sky
404,Innisfail,AU,2022-07-26 20:32:45,-17.5333,146.0333,65.53,87,67,5.35,broken clouds
405,Peleduy,RU,2022-07-26 20:32:45,59.6289,112.7406,62.17,96,81,6.64,light rain
406,Conceicao Do Araguaia,BR,2022-07-26 20:32:46,-8.2578,-49.2647,86.52,28,100,3.65,overcast clouds
407,Texiguat,HN,2022-07-26 20:32:46,13.6497,-87.0225,91.56,56,98,3.04,overcast clouds
408,Ilulissat,GL,2022-07-26 20:31:24,69.2167,-51.1,50.02,81,75,5.75,broken clouds
409,Atbasar,KZ,2022-07-26 20:32:47,51.8,68.3333,70.63,42,99,11.9,overcast clouds
410,Sadat,IN,2022-07-26 20:32:48,25.6833,83.2833,87.66,63,100,2.46,moderate rain
411,Berdigestyakh,RU,2022-07-26 20:32:49,62.0989,126.6992,63.86,76,83,3.89,broken clouds
412,Bonavista,CA,2022-07-26 20:32:49,48.6499,-53.1147,66.76,86,100,19.75,overcast clouds
413,Kawalu,ID,2022-07-26 20:32:50,-7.3817,108.2082,67.6,94,97,1.52,overcast clouds
414,Asau,RO,2022-07-26 20:31:49,46.4333,26.4,74.95,69,0,3.06,clear sky
415,Tuy Hoa,VN,2022-07-26 20:32:51,13.0833,109.3,76.21,91,96,3.85,overcast clouds
416,Gat,IL,2022-07-26 20:32:52,31.61,34.7642,80.4,57,0,2.86,clear sky
417,Port Hedland,AU,2022-07-26 20:28:11,-20.3167,118.5667,59.05,51,10,8.05,clear sky
418,Nabire,ID,2022-07-26 20:32:52,-3.3667,135.4833,74.05,90,29,4.07,scattered clouds
419,Guiyang,CN,2022-07-26 20:28:31,26.5833,106.7167,77.49,78,75,6.71,broken clouds
420,Emet,TR,2022-07-26 20:32:53,39.343,29.2585,64.04,53,0,3.89,clear sky
421,Morondava,MG,2022-07-26 20:32:54,-20.2833,44.2833,69.87,69,0,15.55,clear sky
422,Rassvet,RU,2022-07-26 20:32:55,46.8333,40.75,67.69,89,3,7.0,clear sky
423,Canico,PT,2022-07-26 20:32:55,32.6333,-16.85,79.43,47,20,23.02,few clouds
424,Indianola,US,2022-07-26 20:32:57,41.3581,-93.5574,85.87,55,100,5.5,overcast clouds
425,Yarmouth,US,2022-07-26 20:32:58,41.7057,-70.2286,82.62,64,20,6.91,few clouds
426,Bairiki,KI,2022-07-26 20:32:58,1.3292,172.9752,82.4,78,40,12.66,scattered clouds
427,San Juan De Los Morros,VE,2022-07-26 20:32:59,9.9115,-67.3538,78.44,85,23,3.15,few clouds
428,Broome,US,2022-07-26 20:32:59,42.2506,-75.833,80.19,51,20,5.75,few clouds
429,Primorsk,UA,2022-07-26 20:33:00,46.7348,36.3443,66.67,69,43,5.95,light rain
430,Muroto,JP,2022-07-26 20:33:01,33.2833,134.15,80.44,85,17,6.71,few clouds
431,Torres,BR,2022-07-26 20:33:01,-29.3353,-49.7269,61.84,94,9,7.45,clear sky
432,Sao Joao Da Barra,BR,2022-07-26 20:28:41,-21.6403,-41.0511,75.29,79,45,11.3,scattered clouds
433,Kaitangata,NZ,2022-07-26 20:33:02,-46.2817,169.8464,45.82,96,100,13.04,overcast clouds
434,Glendive,US,2022-07-26 20:33:03,47.1053,-104.7125,80.22,40,75,14.97,broken clouds
435,Ancud,CL,2022-07-26 20:30:44,-41.8697,-73.8203,52.23,91,90,9.33,moderate rain
436,Manjeshwar,IN,2022-07-26 20:33:04,12.7194,74.8861,77.95,87,100,6.11,overcast clouds
437,Boa Esperanca,BR,2022-07-26 20:33:04,-21.09,-45.5658,70.23,40,0,3.0,clear sky
438,Plouzane,FR,2022-07-26 20:33:05,48.3833,-4.6167,62.65,65,0,5.75,clear sky
439,Mandapam,IN,2022-07-26 20:33:05,9.2833,79.1167,82.74,73,90,4.47,overcast clouds
440,Adrar,MR,2022-07-26 20:33:06,20.5022,-10.0711,102.52,15,86,6.13,overcast clouds
441,Caravelas,BR,2022-07-26 20:32:27,-17.7125,-39.2481,70.83,80,3,6.11,clear sky
442,Paita,PE,2022-07-26 20:33:07,-5.0892,-81.1144,66.99,79,97,17.18,overcast clouds
443,Korcula,HR,2022-07-26 20:33:07,42.9622,17.1369,80.78,77,98,10.25,overcast clouds
444,Mpika,ZM,2022-07-26 20:33:08,-11.8343,31.4529,56.48,61,27,5.75,scattered clouds
445,Snasa,NO,2022-07-26 20:33:09,64.2457,12.3778,53.01,98,100,13.27,light rain
446,Livingstone,ZM,2022-07-26 20:33:09,-17.8419,25.8543,58.12,46,0,3.85,clear sky
447,The Valley,AI,2022-07-26 20:33:10,18.217,-63.0578,87.66,66,20,16.11,few clouds
448,Zapolyarnyy,RU,2022-07-26 20:33:10,69.4154,30.8136,61.88,98,100,6.93,light rain
449,Goure,NE,2022-07-26 20:33:11,13.9835,10.2704,92.01,39,60,13.44,broken clouds
450,Tambacounda,SN,2022-07-26 20:33:12,13.7539,-13.7586,82.15,76,42,4.43,scattered clouds
451,Touros,BR,2022-07-26 20:29:13,-5.1989,-35.4608,77.7,74,60,14.81,broken clouds
452,Kenai,US,2022-07-26 20:33:13,60.5544,-151.2583,57.29,65,0,23.02,clear sky
453,Nambucca Heads,AU,2022-07-26 20:33:14,-30.65,153.0,51.8,63,0,12.26,clear sky
454,Airai,TL,2022-07-26 20:33:14,-8.9266,125.4092,53.08,70,85,4.12,overcast clouds
455,Khandbari,NP,2022-07-26 20:33:15,27.3747,87.2039,71.89,94,100,1.36,overcast clouds
456,North Bend,US,2022-07-26 20:30:46,43.4065,-124.2243,82.24,86,0,10.36,clear sky
457,Mezen,RU,2022-07-26 20:33:16,65.8522,44.24,57.6,82,87,5.91,overcast clouds
458,Araouane,ML,2022-07-26 20:33:17,18.9048,-3.5265,101.75,9,36,9.26,scattered clouds
459,Rawson,AR,2022-07-26 20:28:33,-43.3002,-65.1023,46.44,91,100,10.16,overcast clouds
460,Xining,CN,2022-07-26 20:33:18,36.6167,101.7667,56.32,84,98,0.72,overcast clouds
461,Constitucion,CL,2022-07-26 20:33:19,-35.3333,-72.4167,54.7,87,94,8.93,overcast clouds
462,Vrangel,RU,2022-07-26 20:33:20,42.7297,133.0839,68.56,93,100,2.86,overcast clouds
463,Morant Bay,JM,2022-07-26 20:33:20,17.8815,-76.4093,76.62,80,99,11.77,moderate rain
464,Buta,CD,2022-07-26 20:33:21,2.7858,24.73,70.86,98,100,1.52,overcast clouds
465,Pokhara,NP,2022-07-26 20:33:22,28.2333,83.9833,71.47,92,100,2.44,overcast clouds
466,Derzhavinsk,KZ,2022-07-26 20:33:22,51.1,66.3167,66.88,52,61,5.97,broken clouds
467,Bow Island,CA,2022-07-26 20:33:23,49.8668,-111.3684,76.26,40,70,6.38,broken clouds
468,Tahta,EG,2022-07-26 20:33:24,26.7693,31.5021,88.18,13,0,6.46,clear sky
469,Yanam,IN,2022-07-26 20:33:24,16.7333,82.2167,77.92,89,83,0.58,broken clouds
470,Sabang,ID,2022-07-26 20:33:24,5.8933,95.3214,80.8,77,100,8.79,heavy intensity rain
471,Camana,PE,2022-07-26 20:33:25,-16.6228,-72.7111,62.33,80,63,9.01,broken clouds
472,Antalaha,MG,2022-07-26 20:33:25,-14.9003,50.2788,65.5,87,2,6.17,clear sky
473,Bima,ID,2022-07-26 20:33:26,-8.4667,118.7167,71.24,92,75,4.16,broken clouds
474,Yerbogachen,RU,2022-07-26 20:33:26,61.2767,108.0108,59.45,85,67,8.28,broken clouds
475,Zhanaozen,KZ,2022-07-26 20:33:27,43.3,52.8,76.73,48,0,7.9,clear sky
476,Vostok,RU,2022-07-26 20:33:27,46.4856,135.8833,63.95,94,0,1.54,clear sky
477,Nazca,PE,2022-07-26 20:33:28,-14.8333,-74.95,75.09,40,57,8.32,broken clouds
478,Amboasary,MG,2022-07-26 20:33:29,-25.0333,46.3833,63.48,80,9,3.15,clear sky
479,Riachao Das Neves,BR,2022-07-26 20:33:29,-11.7461,-44.91,77.07,34,39,4.59,scattered clouds
480,Marzuq,YE,2022-07-26 20:33:30,14.4,46.4667,77.63,56,97,12.82,light rain
481,Hualmay,PE,2022-07-26 20:33:30,-11.0964,-77.6139,65.59,74,82,13.11,broken clouds
482,Vanimo,PG,2022-07-26 20:33:31,-2.6741,141.3028,76.96,88,83,4.88,light rain
483,Pimentel,PE,2022-07-26 20:33:31,-6.8367,-79.9342,68.29,68,0,16.11,clear sky
484,Santa Marta,CO,2022-07-26 20:32:14,11.2408,-74.199,84.25,79,40,5.75,scattered clouds
485,Bose,IT,2022-07-26 20:33:32,45.4612,8.0137,80.19,54,22,5.97,few clouds
486,Ventaquemada,CO,2022-07-26 20:33:33,5.3675,-73.5208,60.17,76,84,3.78,broken clouds
487,Buluang,PH,2022-07-26 20:33:34,13.3068,123.3425,78.31,91,67,2.13,broken clouds
488,Orotukan,RU,2022-07-26 20:33:34,62.2667,151.7,52.03,82,100,3.02,light rain
489,Marathon,US,2022-07-26 20:33:35,44.9,-89.7668,79.84,55,0,10.36,clear sky
490,Karratha,AU,2022-07-26 20:33:36,-20.7377,116.8463,67.48,29,5,9.1,clear sky
491,Iberia,US,2022-07-26 20:30:57,29.9502,-91.7507,88.05,74,0,3.44,light rain
492,Narsaq,GL,2022-07-26 20:33:37,60.9167,-46.05,57.42,83,44,5.01,scattered clouds
493,Berlevag,NO,2022-07-26 20:33:38,70.8578,29.0864,62.4,88,0,1.14,clear sky
494,Hamilton,US,2022-07-26 20:33:38,39.1834,-84.5333,76.98,86,100,9.22,haze
495,Puerto Leguizamo,CO,2022-07-26 20:33:39,-0.1934,-74.7819,78.08,86,78,4.21,light rain
496,Horta,PT,2022-07-26 20:33:39,38.5333,-28.6333,74.84,83,20,10.36,few clouds
497,Sarangani,PH,2022-07-26 20:33:40,5.4033,125.4636,82.62,71,100,2.75,overcast clouds
498,Srandakan,ID,2022-07-26 20:33:40,-7.9386,110.2506,70.99,92,44,3.13,scattered clouds
499,Patnos,TR,2022-07-26 20:33:41,39.2336,42.8634,63.75,20,0,3.22,clear sky
500,Traverse City,US,2022-07-26 20:33:42,44.7631,-85.6206,82.47,38,75,11.5,broken clouds
501,Roma,US,2022-07-26 20:33:42,43.2128,-75.4557,77.38,53,20,13.8,few clouds
502,Roebourne,AU,2022-07-26 20:33:43,-20.7833,117.1333,67.64,30,5,9.82,clear sky
503,Flin Flon,CA,2022-07-26 20:33:44,54.7682,-101.865,62.44,88,75,9.22,broken clouds
504,Presidente Olegario,BR,2022-07-26 20:33:44,-18.4178,-46.4181,68.47,38,0,6.29,clear sky
505,Port Keats,AU,2022-07-26 20:33:45,-14.25,129.55,66.06,46,90,8.05,overcast clouds
506,Grand Gaube,MU,2022-07-26 20:33:46,-20.0064,57.6608,69.39,75,2,1.99,clear sky
507,Qaracala,AZ,2022-07-26 20:33:46,39.8132,48.9523,74.88,65,0,4.94,clear sky
508,Annau,TM,2022-07-26 20:33:47,37.8876,58.516,83.7,42,75,6.91,broken clouds
509,Port Lincoln,AU,2022-07-26 20:33:47,-34.7333,135.8667,51.35,78,100,11.52,overcast clouds
510,Voznesenskoye,RU,2022-07-26 20:33:48,54.89,42.7569,66.87,86,31,4.41,light rain
511,Parabel,RU,2022-07-26 20:33:49,58.6978,81.4825,58.37,92,20,7.63,few clouds
512,Straelen,DE,2022-07-26 20:33:50,51.45,6.2667,66.02,70,0,2.3,clear sky
513,Pisco,PE,2022-07-26 20:30:41,-13.7,-76.2167,64.45,77,85,8.05,mist
514,Lerwick,GB,2022-07-26 20:33:51,60.1545,-1.1494,51.8,82,6,9.89,clear sky
515,Tomatlan,MX,2022-07-26 20:33:52,19.9333,-105.25,90.18,58,93,8.9,overcast clouds
516,Banda Aceh,ID,2022-07-26 20:33:35,5.5577,95.3222,77.52,84,100,9.13,moderate rain
517,Tessalit,ML,2022-07-26 20:33:53,20.1986,1.0114,98.92,9,27,4.43,scattered clouds
518,Hauterive,FR,2022-07-26 20:33:54,46.0901,3.4459,70.56,73,79,3.6,broken clouds
519,Menongue,AO,2022-07-26 20:33:54,-14.6585,17.691,56.86,36,3,5.32,clear sky
520,Shakawe,BW,2022-07-26 20:31:16,-18.3667,21.85,61.81,33,0,4.99,clear sky
521,Imuris,MX,2022-07-26 20:33:55,30.7833,-110.8667,81.82,57,100,2.42,overcast clouds
522,Hokitika,NZ,2022-07-26 20:33:56,-42.7167,170.9667,48.67,76,96,5.61,overcast clouds
523,Turukhansk,RU,2022-07-26 20:33:56,65.8167,87.9833,51.06,88,0,1.83,clear sky
524,Petrozavodsk,RU,2022-07-26 20:33:57,61.7849,34.3469,60.26,100,81,2.24,broken clouds
525,Beruwala,LK,2022-07-26 20:33:58,6.4788,79.9828,77.05,90,100,1.07,overcast clouds
526,North Platte,US,2022-07-26 20:33:59,41.1239,-100.7654,85.32,67,75,5.99,broken clouds
527,Nicoya,CR,2022-07-26 20:33:59,10.1483,-85.452,82.98,70,62,0.98,broken clouds
528,Magadan,RU,2022-07-26 20:34:00,59.5667,150.8,56.82,87,100,3.96,overcast clouds
529,Kalmunai,LK,2022-07-26 20:29:34,7.4167,81.8167,80.01,81,100,3.11,overcast clouds
530,Northam,GB,2022-07-26 20:34:01,51.0333,-4.2167,60.39,71,0,9.84,clear sky
531,Natuba,BR,2022-07-26 20:34:01,-7.6414,-35.55,68.49,91,88,8.12,overcast clouds
532,Margahayu,ID,2022-07-26 20:34:02,-6.4264,105.8646,76.26,87,98,4.29,overcast clouds
533,Bundaberg,AU,2022-07-26 20:32:08,-24.85,152.35,52.21,75,0,5.01,clear sky
534,Khilok,RU,2022-07-26 20:34:03,51.3674,110.4676,53.71,99,100,8.1,light rain
535,Gasa,PS,2022-07-26 20:34:03,31.5,34.4667,78.73,61,0,3.0,clear sky
536,Bandarbeyla,SO,2022-07-26 20:34:04,9.4942,50.8122,75.99,82,27,31.27,scattered clouds
537,Srivardhan,IN,2022-07-26 20:34:04,18.0333,73.0167,78.89,84,100,0.94,moderate rain
538,Sorong,ID,2022-07-26 20:34:05,-0.8833,131.25,76.1,92,48,7.83,moderate rain
539,Dolni Nemci,CZ,2022-07-26 20:34:06,48.9684,17.5859,66.22,88,0,1.28,clear sky
540,Itaituba,BR,2022-07-26 20:34:07,-4.2761,-55.9836,95.16,52,40,6.91,scattered clouds
541,Morrinhos,BR,2022-07-26 20:34:07,-17.7311,-49.0994,74.23,29,0,4.16,clear sky
542,Tiarei,PF,2022-07-26 20:34:08,-17.5333,-149.3333,80.01,84,100,13.96,light rain
543,Ulladulla,AU,2022-07-26 20:34:08,-35.35,150.4667,46.47,71,12,9.1,few clouds
544,Bambanglipuro,ID,2022-07-26 20:34:09,-7.95,110.2833,70.93,92,44,3.02,scattered clouds
545,Mount Isa,AU,2022-07-26 20:30:21,-20.7333,139.5,53.37,43,0,12.66,clear sky
546,Minamata,JP,2022-07-26 20:34:10,32.2167,130.4,77.45,86,1,1.34,clear sky
547,Guerrero Negro,MX,2022-07-26 20:29:12,27.9769,-114.0611,82.81,47,51,9.42,broken clouds
548,Zaozerne,UA,2022-07-26 20:34:11,45.1582,33.2787,71.17,71,0,6.78,clear sky
549,Cumana,VE,2022-07-26 20:30:31,10.4635,-64.1775,81.43,79,96,9.19,overcast clouds
550,Acapulco,MX,2022-07-26 20:32:34,16.8634,-99.8901,87.62,66,75,4.61,broken clouds
551,Wisconsin Rapids,US,2022-07-26 20:31:27,44.3836,-89.8174,82.29,48,0,6.91,clear sky
552,Palmer,US,2022-07-26 20:30:07,42.1584,-72.3287,81.25,32,89,7.52,overcast clouds
553,Leonidovo,RU,2022-07-26 20:34:13,49.2833,142.8667,61.59,95,89,0.49,overcast clouds
554,Edd,ER,2022-07-26 20:34:14,13.9297,41.6925,90.95,67,100,3.09,overcast clouds
555,Skibbereen,IE,2022-07-26 20:34:15,51.55,-9.2667,60.12,74,100,3.83,overcast clouds
556,Maniitsoq,GL,2022-07-26 20:34:16,65.4167,-52.9,40.71,92,85,9.46,overcast clouds
557,Chapais,CA,2022-07-26 20:34:17,49.7834,-74.8492,56.98,82,94,13.02,overcast clouds
558,Wau,SS,2022-07-26 20:30:06,7.7029,27.9953,71.01,96,88,4.52,overcast clouds
559,Riyadh,SA,2022-07-26 20:34:17,24.6877,46.7219,95.14,13,98,9.28,overcast clouds
560,Pailon,BO,2022-07-26 20:34:18,-17.65,-62.75,89.28,29,4,9.51,clear sky
561,Lodwar,KE,2022-07-26 20:34:19,3.1191,35.5973,83.37,37,52,14.7,broken clouds
562,Lexington,US,2022-07-26 20:32:43,37.9887,-84.4777,80.49,80,100,5.75,overcast clouds
563,Dadri,IN,2022-07-26 20:34:19,28.5667,77.55,86.45,62,100,5.64,overcast clouds
564,Batagay,RU,2022-07-26 20:34:20,67.6333,134.6333,69.19,61,46,3.33,scattered clouds
565,Bardiyah,LY,2022-07-26 20:34:21,31.7561,25.0865,78.96,74,0,16.96,clear sky
566,Ghanzi,BW,2022-07-26 20:34:22,-21.5667,21.7833,61.38,34,20,11.56,few clouds
567,Brae,GB,2022-07-26 20:32:08,60.3964,-1.353,50.13,82,12,9.35,few clouds
568,Rocha,UY,2022-07-26 20:30:08,-34.4833,-54.3333,62.69,95,97,5.77,overcast clouds
569,Fortuna,US,2022-07-26 20:30:10,40.5982,-124.1573,71.92,69,38,3.0,scattered clouds
570,Henties Bay,NA,2022-07-26 20:31:58,-22.116,14.2845,53.83,86,27,7.25,scattered clouds
571,London,GB,2022-07-26 20:33:32,51.5085,-0.1257,66.49,73,100,14.97,overcast clouds
572,Buraydah,SA,2022-07-26 20:34:23,26.326,43.975,99.05,15,76,6.8,broken clouds
573,Algiers,DZ,2022-07-26 20:34:24,36.7525,3.042,80.42,78,20,9.22,few clouds
574,Las Vegas,US,2022-07-26 20:29:59,36.175,-115.1372,93.11,40,0,3.0,clear sky
575,Ostersund,SE,2022-07-26 20:30:41,63.1792,14.6357,55.85,82,100,19.57,overcast clouds
576,Kloulklubed,PW,2022-07-26 20:34:25,7.0419,134.2556,73.9,71,100,2.51,overcast clouds
577,Ketchikan,US,2022-07-26 20:34:26,55.3422,-131.6461,66.67,77,0,11.5,clear sky
578,Maebaru,JP,2022-07-26 20:34:27,33.55,130.2,76.68,87,0,1.03,clear sky
579,Ajdabiya,LY,2022-07-26 20:34:27,30.7554,20.2263,79.74,66,0,11.05,clear sky
580,Tatui,BR,2022-07-26 20:34:28,-23.3556,-47.8569,69.17,57,0,14.27,clear sky
581,Pleasanton,US,2022-07-26 20:30:27,37.6624,-121.8747,89.33,41,0,11.5,clear sky
582,San Pedro,PH,2022-07-26 20:34:29,14.35,121.0167,78.03,92,75,1.14,broken clouds
583,Lyantonde,UG,2022-07-26 20:34:30,-0.4031,31.1572,69.55,50,100,3.4,overcast clouds
584,Mehran,IR,2022-07-26 20:34:31,33.1222,46.1646,92.05,9,0,8.41,clear sky
585,Orlik,RU,2022-07-26 20:34:31,52.5178,99.825,42.64,84,68,0.72,broken clouds
586,Olafsvik,IS,2022-07-26 20:32:30,64.8945,-23.7142,52.5,92,100,16.06,overcast clouds
587,Noumea,NC,2022-07-26 20:34:32,-22.2763,166.4572,68.0,99,0,5.35,clear sky
588,Tucuman,AR,2022-07-26 20:31:49,-26.8241,-65.2226,80.6,50,75,6.91,broken clouds
589,Megion,RU,2022-07-26 20:34:33,61.0296,76.1136,64.42,92,36,5.08,scattered clouds
590,Sumbe,AO,2022-07-26 20:34:34,-11.2061,13.8437,69.57,88,87,8.32,overcast clouds
591,Kambam,ID,2022-07-26 20:34:35,5.2505,96.8629,76.15,89,100,5.91,overcast clouds
592,Vicuna,CL,2022-07-26 20:34:35,-30.0319,-70.7081,66.78,56,0,3.69,clear sky
593,Quang Ngai,VN,2022-07-26 20:34:36,15.1167,108.8,75.25,86,43,3.58,scattered clouds
594,Altamira,BR,2022-07-26 20:32:19,-3.2033,-52.2064,84.29,57,99,3.06,overcast clouds
595,Shuangyang,CN,2022-07-26 20:34:37,43.5242,125.6736,70.27,92,0,1.41,clear sky
596,Kodinsk,RU,2022-07-26 20:32:09,58.6881,99.1844,56.93,97,100,10.33,overcast clouds
597,Alamosa,US,2022-07-26 20:34:38,37.4695,-105.87,73.38,49,0,3.44,clear sky
598,Aldan,RU,2022-07-26 20:34:39,58.6031,125.3894,67.44,70,2,2.06,clear sky
599,Olga,RU,2022-07-26 20:34:39,43.7444,135.2892,67.73,91,100,5.93,overcast clouds
600,Vazante,BR,2022-07-26 20:34:39,-17.9869,-46.9078,73.15,36,0,1.25,clear sky
601,Somerset East,ZA,2022-07-26 20:34:40,-32.7217,25.588,59.36,41,8,5.75,clear sky
602,Kaberamaido,UG,2022-07-26 20:34:41,1.7389,33.1594,69.06,75,80,3.11,light rain
603,Landerneau,FR,2022-07-26 20:34:41,48.4525,-4.2525,63.36,70,0,5.75,clear sky
604,Grindavik,IS,2022-07-26 20:34:43,63.8424,-22.4338,54.07,100,100,18.41,overcast clouds
605,Vytegra,RU,2022-07-26 20:34:44,61.0064,36.4481,62.2,96,30,5.88,scattered clouds
606,Richards Bay,ZA,2022-07-26 20:34:45,-28.783,32.0377,56.91,83,0,7.72,clear sky
607,Baruun-Urt,MN,2022-07-26 20:34:45,46.6806,113.2792,56.28,82,27,4.63,scattered clouds
608,Scarborough,GB,2022-07-26 20:34:10,54.2797,-0.4044,56.77,80,84,1.21,broken clouds
609,Ust-Ishim,RU,2022-07-26 20:34:46,57.6935,71.1665,60.26,97,83,2.04,broken clouds
610,Bara,NG,2022-07-26 20:34:47,10.3744,10.7288,75.63,84,97,6.87,overcast clouds
611,Bubaque,GW,2022-07-26 20:34:47,11.2833,-15.8333,79.97,77,100,10.92,overcast clouds
612,Moron,AR,2022-07-26 20:34:48,-34.6534,-58.6198,71.94,87,97,4.74,overcast clouds
613,Yenagoa,NG,2022-07-26 20:34:48,4.9247,6.2642,74.97,92,95,3.69,overcast clouds
614,Betare Oya,CM,2022-07-26 20:34:49,5.6,14.0833,68.52,96,85,2.57,light rain
615,Nivala,FI,2022-07-26 20:34:51,63.9167,24.9667,63.68,96,91,8.52,overcast clouds
616,Tuensang,IN,2022-07-26 20:34:52,26.2833,94.8333,67.82,99,69,0.89,broken clouds
617,Port Hardy,CA,2022-07-26 20:34:53,50.6996,-127.4199,64.58,77,0,5.75,clear sky
618,Mecca,SA,2022-07-26 20:29:57,21.4267,39.8261,93.96,42,59,1.61,broken clouds
619,Nizhniy Bestyakh,RU,2022-07-26 20:34:54,61.9594,129.9086,54.88,82,0,2.24,clear sky
620,Jamame,SO,2022-07-26 20:34:54,0.0722,42.7506,74.12,80,7,14.25,clear sky
621,George,ZA,2022-07-26 20:34:55,-33.963,22.4617,56.75,62,100,5.75,overcast clouds
622,Flinders,AU,2022-07-26 20:34:56,-34.5833,150.8552,50.18,68,4,10.0,clear sky
623,Vila,PT,2022-07-26 20:34:56,42.0304,-8.1588,61.68,74,0,4.25,clear sky
624,Gaoual,GN,2022-07-26 20:34:57,11.75,-13.2,75.06,96,86,2.57,light rain
625,Hingorja,PK,2022-07-26 20:34:57,27.2109,68.416,82.89,83,100,5.35,light rain
626,Okha,RU,2022-07-26 20:32:08,53.5739,142.9478,55.72,91,100,5.99,overcast clouds
627,Mackay,AU,2022-07-26 20:30:50,-21.15,149.2,58.68,81,0,11.97,clear sky
628,Molochnoye,RU,2022-07-26 20:34:58,59.2917,39.6787,62.26,95,10,6.15,clear sky
629,Kaeo,NZ,2022-07-26 20:34:59,-35.1,173.7833,54.32,89,45,13.47,scattered clouds
630,Beringovskiy,RU,2022-07-26 20:34:27,63.05,179.3167,48.61,83,100,7.18,overcast clouds
631,Alto Araguaia,BR,2022-07-26 20:35:00,-17.3147,-53.2153,80.44,28,0,2.46,clear sky
632,Ludvika,SE,2022-07-26 20:35:01,60.1496,15.1878,58.8,96,96,7.96,light rain
633,Nyurba,RU,2022-07-26 20:35:01,63.2842,118.3319,68.27,86,5,4.7,clear sky
634,Trelew,AR,2022-07-26 20:30:49,-43.249,-65.3051,45.91,93,100,7.85,overcast clouds
635,Pedara,IT,2022-07-26 20:35:02,37.6169,15.0567,77.0,65,0,3.44,clear sky
636,Iranshahr,IR,2022-07-26 20:35:03,27.2025,60.6848,84.54,61,40,13.8,scattered clouds
637,Ukiah,US,2022-07-26 20:35:04,39.1502,-123.2078,100.44,31,0,5.75,clear sky
638,Gweru,ZW,2022-07-26 20:35:04,-19.45,29.8167,51.53,70,0,4.92,clear sky
639,Mishkino,RU,2022-07-26 20:35:05,55.3389,63.9175,64.26,81,100,1.05,overcast clouds
640,Krasnoborsk,RU,2022-07-26 20:35:05,61.5598,45.934,57.02,77,48,3.24,scattered clouds
641,Prainha,BR,2022-07-26 20:35:06,-1.8,-53.48,87.01,54,17,3.94,few clouds
642,Bage,BR,2022-07-26 20:35:06,-31.3314,-54.1069,74.98,69,0,6.91,clear sky
643,Atambua,ID,2022-07-26 20:35:07,-9.1061,124.8925,65.68,87,100,6.15,overcast clouds
644,Silver City,US,2022-07-26 20:35:07,32.7701,-108.2803,84.16,49,40,18.41,scattered clouds
645,Dhidhdhoo,MV,2022-07-26 20:35:08,6.8833,73.1,81.07,78,36,14.94,scattered clouds
646,Kabinda,CD,2022-07-26 20:35:08,-6.1333,24.4833,71.01,35,88,3.83,overcast clouds
647,Podosinovets,RU,2022-07-26 20:35:10,60.2776,47.0659,56.57,78,100,4.83,overcast clouds
648,Chumikan,RU,2022-07-26 20:35:10,54.7183,135.315,53.91,89,3,3.13,clear sky
649,Goderich,CA,2022-07-26 20:30:21,43.7501,-81.7165,74.91,46,0,6.91,clear sky
650,Nuuk,GL,2022-07-26 20:35:11,64.1835,-51.7216,47.01,81,75,6.91,broken clouds
651,Nhulunbuy,AU,2022-07-26 20:35:11,-12.2333,136.7667,74.01,73,75,8.05,broken clouds
652,Kamaishi,JP,2022-07-26 20:35:12,39.2667,141.8833,74.44,92,95,2.84,overcast clouds
653,General Pico,AR,2022-07-26 20:35:13,-35.6566,-63.7568,65.66,83,100,8.01,overcast clouds
654,Izhma,RU,2022-07-26 20:35:14,65.0083,53.9113,52.66,72,46,2.3,scattered clouds
655,Sao Jose Da Coroa Grande,BR,2022-07-26 20:35:14,-8.8978,-35.1478,74.66,84,82,12.26,broken clouds
656,Abu Dhabi,AE,2022-07-26 20:34:22,24.4667,54.3667,95.02,52,0,3.44,clear sky
657,Jefferson City,US,2022-07-26 20:35:15,38.5767,-92.1735,82.83,73,0,0.0,clear sky
658,Ndola,ZM,2022-07-26 20:35:16,-12.9587,28.6366,58.82,51,1,6.96,clear sky
659,Sines,PT,2022-07-26 20:35:17,37.9562,-8.8698,66.29,88,0,8.99,clear sky
660,San Quintin,MX,2022-07-26 20:35:17,30.4833,-115.95,74.03,64,14,12.55,few clouds
661,El Carmen,CO,2022-07-26 20:35:18,8.5106,-73.4478,74.97,89,99,2.35,overcast clouds
662,Diffa,NE,2022-07-26 20:35:18,13.3154,12.6113,87.93,54,76,15.64,broken clouds
663,Chaman,PK,2022-07-26 20:35:19,30.9236,66.4512,82.47,55,27,9.89,scattered clouds
664,Awbari,LY,2022-07-26 20:35:20,26.5921,12.7805,84.92,13,7,7.25,clear sky
665,Maicao,CO,2022-07-26 20:35:21,11.3832,-72.2432,89.35,49,42,15.05,scattered clouds
666,Nang Rong,TH,2022-07-26 20:35:21,14.6377,102.7914,77.67,84,100,5.14,overcast clouds
667,Ust-Kut,RU,2022-07-26 20:35:22,56.7938,105.7672,51.19,98,49,3.4,scattered clouds
668,Viedma,AR,2022-07-26 20:35:22,-40.8135,-62.9967,49.35,98,100,6.73,overcast clouds
669,Bosaso,SO,2022-07-26 20:35:23,11.2842,49.1816,91.31,40,3,16.4,clear sky
670,Male,MV,2022-07-26 20:35:24,4.1748,73.5089,84.15,79,75,17.27,broken clouds
671,Pskov,RU,2022-07-26 20:35:24,57.8136,28.3496,62.51,88,0,2.24,clear sky
672,Caluquembe,AO,2022-07-26 20:35:25,-13.7833,14.6833,59.68,29,1,1.83,clear sky
673,Barreirinhas,BR,2022-07-26 20:35:25,-2.7469,-42.8264,78.51,69,92,7.31,overcast clouds
674,Ngunguru,NZ,2022-07-26 20:35:26,-35.6167,174.5,55.69,76,23,13.8,few clouds
675,Lavumisa,SZ,2022-07-26 20:35:26,-27.31,31.892,55.09,82,0,1.07,clear sky
676,Zholymbet,KZ,2022-07-26 20:35:26,51.7433,71.7122,73.29,34,68,9.51,broken clouds
677,Habiganj,BD,2022-07-26 20:35:27,24.3833,91.4167,76.6,90,23,2.53,few clouds
678,Madang,PG,2022-07-26 20:35:27,-5.2246,145.7966,77.05,91,100,1.28,heavy intensity rain
679,Houlton,US,2022-07-26 20:35:28,46.1262,-67.8403,77.41,49,40,16.11,scattered clouds
680,Sungaipenuh,ID,2022-07-26 20:35:29,-2.0833,101.3833,63.37,94,90,1.05,overcast clouds
681,Marihatag,PH,2022-07-26 20:35:29,8.7936,126.2969,77.14,87,96,5.77,overcast clouds
682,Ormara,PK,2022-07-26 20:35:30,25.2088,64.6357,82.9,81,100,3.94,overcast clouds
683,West Bay,KY,2022-07-26 20:35:31,19.3667,-81.4167,89.67,71,20,9.22,few clouds
684,Yarumal,CO,2022-07-26 20:35:31,6.9632,-75.4174,59.31,92,72,3.4,broken clouds
685,Umm Kaddadah,SD,2022-07-26 20:35:32,13.6017,26.6876,90.75,34,100,12.08,overcast clouds
686,Kashi,CN,2022-07-26 20:35:33,39.4547,75.9797,88.81,18,38,6.71,dust
687,Tiznit,MA,2022-07-26 20:35:33,29.5833,-9.5,85.26,31,0,4.05,clear sky
688,Punahana,IN,2022-07-26 20:35:34,27.8667,77.2,84.97,69,95,7.23,overcast clouds
689,Severnyy,RU,2022-07-26 20:35:35,50.677,36.5532,64.44,94,27,4.47,scattered clouds
690,Tatarsk,RU,2022-07-26 20:31:21,55.219,75.9828,65.32,82,98,6.69,light rain
691,Omsukchan,RU,2022-07-26 20:35:36,62.5333,155.8,60.15,43,100,4.36,overcast clouds
692,Sobolevo,RU,2022-07-26 20:35:36,54.4299,31.8996,61.68,89,4,2.35,clear sky
693,Caceres,ES,2022-07-26 20:35:37,39.522,-6.3748,76.98,36,0,14.5,clear sky
694,Huangnihe,CN,2022-07-26 20:35:38,43.5583,128.0239,67.71,95,8,1.5,clear sky
